location_id,timestamp,state,road_type,lane_count,speed_limit_kmph,has_signal,enforcement_level,blackspot_score,latitude,longitude,season,day_of_week,hour_of_day,lighting,weather,is_peak,vehicle_count_per_hr,avg_speed_kmph,peak,traffic_data_quality_flag,signal_status,green_duration_s,red_duration_s,yellow_duration_s,cycle_time_s,violations_count,signal_data_quality_flag,accident_occurred,severity,vehicles_involved,cause,veh_count_at_accident
L002,2025-07-04 20:00:00,Telangana,urban,2,51,True,low,0.146,17.395129,78.272288,monsoon,4,20,Night,Clear,True,803.0,23.3,True,,Working,88.0,68.0,9.0,165.0,0.0,,False,,,,803
L002,2025-07-04 21:00:00,Telangana,urban,2,51,True,low,0.146,17.395129,78.272288,monsoon,4,21,Night,Thunderstorm,True,524.0,25.4,True,,Working,49.0,67.0,10.0,126.0,2.0,,False,,,,524
L002,2025-07-04 22:00:00,Telangana,urban,2,51,True,low,0.146,17.395129,78.272288,monsoon,4,22,Night,Rain,False,293.0,23.4,False,,Working,75.0,56.0,7.0,138.0,0.0,,False,,,,293
L002,2025-07-04 23:00:00,Telangana,urban,2,51,True,low,0.146,17.395129,78.272288,monsoon,4,23,Night,Rain,False,624.0,,False,,Off,,,,,,,False,,,,624
L002,2025-07-05 00:00:00,Telangana,urban,2,51,True,low,0.146,17.395129,78.272288,monsoon,5,0,Night,Rain,False,459.0,17.5,False,,Working,54.0,70.0,7.0,131.0,2.0,,True,Minor,2.0,Signal skip,459
L002,2025-07-05 01:00:00,Telangana,urban,2,51,True,low,0.146,17.395129,78.272288,monsoon,5,1,Night,Thunderstorm,False,202.0,31.7,False,,Working,48.0,53.0,7.0,108.0,1.0,,False,,,,202
L002,2025-07-05 02:00:00,Telangana,urban,2,51,True,low,0.146,17.395129,78.272288,monsoon,5,2,Night,Thunderstorm,False,783.0,17.3,False,,Working,47.0,64.0,9.0,120.0,1.0,,False,,,,783
L002,2025-07-05 03:00:00,Telangana,urban,2,51,True,low,0.146,17.395129,78.272288,monsoon,5,3,Night,Rain,False,332.0,20.7,False,,Working,54.0,30.0,9.0,93.0,2.0,,False,,,,332
L002,2025-07-05 04:00:00,Telangana,urban,2,51,True,low,0.146,17.395129,78.272288,monsoon,5,4,Night,Rain,False,268.0,17.3,False,,Working,35.0,31.0,7.0,73.0,0.0,,False,,,,268
L002,2025-07-05 05:00:00,Telangana,urban,2,51,True,low,0.146,17.395129,78.272288,monsoon,5,5,Dusk/Dawn,Clear,False,252.0,30.7,False,,Working,31.0,96.0,3.0,130.0,3.0,,False,,,,252
L002,2025-07-05 06:00:00,Telangana,urban,2,51,True,low,0.146,17.395129,78.272288,monsoon,5,6,Day,Rain,False,474.0,12.0,False,,Working,31.0,88.0,5.0,124.0,0.0,,False,,,,474
L002,2025-07-05 07:00:00,Telangana,urban,2,51,True,low,0.146,17.395129,78.272288,monsoon,5,7,Day,Rain,False,570.0,14.3,False,,Blinking,,,,,,,False,,,,570
L002,2025-07-05 08:00:00,Telangana,urban,2,51,True,low,0.146,17.395129,78.272288,monsoon,5,8,Day,Thunderstorm,True,1038.0,11.9,True,,Working,60.0,45.0,7.0,112.0,1.0,,False,,,,1038
L002,2025-07-05 09:00:00,Telangana,urban,2,51,True,low,0.146,17.395129,78.272288,monsoon,5,9,Day,Rain,False,472.0,12.2,False,,Off,,,,,,,False,,,,472
L002,2025-07-05 10:00:00,Telangana,urban,2,51,True,low,0.146,17.395129,78.272288,monsoon,5,10,Day,Rain,False,440.0,16.1,False,,Working,79.0,56.0,5.0,140.0,0.0,,False,,,,440
L002,2025-07-05 11:00:00,Telangana,urban,2,51,True,low,0.146,17.395129,78.272288,monsoon,5,11,Day,Clear,False,546.0,26.0,False,,Working,35.0,34.0,4.0,73.0,1.0,,False,,,,546
L002,2025-07-05 12:00:00,Telangana,urban,2,51,True,low,0.146,17.395129,78.272288,monsoon,5,12,Day,Clear,False,908.0,13.7,False,,Working,34.0,57.0,7.0,98.0,3.0,,False,,,,908
L002,2025-07-05 13:00:00,Telangana,urban,2,51,True,low,0.146,17.395129,78.272288,monsoon,5,13,Day,Rain,False,565.0,16.7,False,,Working,72.0,39.0,7.0,118.0,0.0,,False,,,,565
L002,2025-07-05 14:00:00,Telangana,urban,2,51,True,low,0.146,17.395129,78.272288,monsoon,5,14,Day,Rain,False,444.0,18.9,False,,Working,41.0,44.0,4.0,89.0,1.0,,False,,,,444
L002,2025-07-05 15:00:00,Telangana,urban,2,51,True,low,0.146,17.395129,78.272288,monsoon,5,15,Day,Rain,False,647.0,11.7,False,,Off,,,,,,,False,,,,647
L002,2025-07-05 16:00:00,Telangana,urban,2,51,True,low,0.146,17.395129,78.272288,monsoon,5,16,Day,Thunderstorm,False,153.0,34.7,False,,Off,,,,,,,True,Minor,5.0,Unknown,153
L002,2025-07-05 17:00:00,Telangana,urban,2,51,True,low,0.146,17.395129,78.272288,monsoon,5,17,Day,Clear,False,768.0,25.5,False,,Working,37.0,92.0,5.0,134.0,1.0,,False,,,,768
L002,2025-07-05 18:00:00,Telangana,urban,2,51,True,low,0.146,17.395129,78.272288,monsoon,5,18,Day,Clear,True,894.0,16.3,True,,Working,63.0,41.0,7.0,111.0,1.0,,False,,,,894
L002,2025-07-05 19:00:00,Telangana,urban,2,51,True,low,0.146,17.395129,78.272288,monsoon,5,19,Dusk/Dawn,Clear,True,1270.0,10.2,True,,Working,89.0,32.0,5.0,126.0,0.0,,False,,,,1270
L002,2025-07-05 20:00:00,Telangana,urban,2,51,True,low,0.146,17.395129,78.272288,monsoon,5,20,Night,Clear,True,714.0,20.6,True,,Working,47.0,117.0,4.0,168.0,1.0,,False,,,,714
L002,2025-07-05 21:00:00,Telangana,urban,2,51,True,low,0.146,17.395129,78.272288,monsoon,5,21,Night,Rain,True,711.0,8.7,True,,Working,56.0,53.0,8.0,117.0,1.0,,False,,,,711
L002,2025-07-05 22:00:00,Telangana,urban,2,51,True,low,0.146,17.395129,78.272288,monsoon,5,22,Night,Thunderstorm,False,397.0,21.5,False,,Working,75.0,93.0,10.0,178.0,1.0,,True,Major,7.0,Unknown,397
L002,2025-07-05 23:00:00,Telangana,urban,2,51,True,low,0.146,17.395129,78.272288,monsoon,5,23,Night,Clear,False,1044.0,16.4,False,,Working,35.0,97.0,6.0,138.0,0.0,,False,,,,1044
L002,2025-07-06 00:00:00,Telangana,urban,2,51,True,low,0.146,17.395129,78.272288,monsoon,6,0,Night,Rain,False,313.0,21.5,False,,Working,50.0,40.0,9.0,99.0,2.0,,False,,,,313
L002,2025-07-06 01:00:00,Telangana,urban,2,51,True,low,0.146,17.395129,78.272288,monsoon,6,1,Night,Thunderstorm,False,515.0,23.0,False,,Blinking,,,,,,,False,,,,515
L002,2025-07-06 02:00:00,Telangana,urban,2,51,True,low,0.146,17.395129,78.272288,monsoon,6,2,Night,Rain,False,256.0,21.5,False,,Working,50.0,35.0,5.0,90.0,2.0,,False,,,,256
L002,2025-07-06 03:00:00,Telangana,urban,2,51,True,low,0.146,17.395129,78.272288,monsoon,6,3,Night,Rain,False,397.0,12.9,False,,Working,72.0,56.0,6.0,134.0,1.0,,False,,,,397
L002,2025-07-06 04:00:00,Telangana,urban,2,51,True,low,0.146,17.395129,78.272288,monsoon,6,4,Night,Rain,False,275.0,20.5,False,,Working,76.0,97.0,6.0,179.0,1.0,,False,,,,275
L002,2025-07-06 05:00:00,Telangana,urban,2,51,True,low,0.146,17.395129,78.272288,monsoon,6,5,Dusk/Dawn,Rain,False,411.0,19.1,False,,Working,33.0,46.0,5.0,84.0,3.0,,False,,,,411
L002,2025-07-06 06:00:00,Telangana,urban,2,51,True,low,0.146,17.395129,78.272288,monsoon,6,6,Day,Rain,False,324.0,20.9,False,,Working,50.0,92.0,6.0,148.0,0.0,,False,,,,324
L002,2025-07-06 07:00:00,Telangana,urban,2,51,True,low,0.146,17.395129,78.272288,monsoon,6,7,Day,Rain,False,260.0,25.1,False,,Working,50.0,100.0,7.0,157.0,0.0,,False,,,,260
L002,2025-07-06 08:00:00,Telangana,urban,2,51,True,low,0.146,17.395129,78.272288,monsoon,6,8,Day,Clear,True,1026.0,14.9,True,,Blinking,,,,,,,True,Minor,10.0,Rear-end / Following too close,1026
L002,2025-07-06 09:00:00,Telangana,urban,2,51,True,low,0.146,17.395129,78.272288,monsoon,6,9,Day,Thunderstorm,False,224.0,34.6,False,,Working,68.0,33.0,6.0,107.0,0.0,,False,,,,224
L002,2025-07-06 10:00:00,Telangana,urban,2,51,True,low,0.146,17.395129,78.272288,monsoon,6,10,Day,Rain,True,980.0,12.3,True,,Working,50.0,108.0,6.0,164.0,3.0,,False,,,,980
L002,2025-07-06 11:00:00,Telangana,urban,2,51,True,low,0.146,17.395129,78.272288,monsoon,6,11,Day,Clear,True,1567.0,5.0,True,,Working,61.0,117.0,3.0,181.0,1.0,,False,,,,1567
L002,2025-07-06 12:00:00,Telangana,urban,2,51,True,low,0.146,17.395129,78.272288,monsoon,6,12,Day,Clear,False,304.0,33.6,False,,Working,57.0,50.0,3.0,110.0,1.0,,True,Major,3.0,Overspeeding,304
L002,2025-07-06 13:00:00,Telangana,urban,2,51,True,low,0.146,17.395129,78.272288,monsoon,6,13,Day,Rain,False,324.0,26.2,False,,Working,36.0,44.0,6.0,86.0,1.0,,False,,,,324
L002,2025-07-06 14:00:00,Telangana,urban,2,51,True,low,0.146,17.395129,78.272288,monsoon,6,14,Day,Rain,False,438.0,22.6,False,,Working,56.0,51.0,3.0,110.0,2.0,,False,,,,438
L002,2025-07-06 15:00:00,Telangana,urban,2,51,True,low,0.146,17.395129,78.272288,monsoon,6,15,Day,Rain,False,715.0,12.6,False,,Working,85.0,39.0,4.0,128.0,0.0,,False,,,,715
L002,2025-07-06 16:00:00,Telangana,urban,2,51,True,low,0.146,17.395129,78.272288,monsoon,6,16,Day,Clear,False,195.0,35.7,False,,Working,79.0,90.0,3.0,172.0,2.0,,False,,,,195
L002,2025-07-06 17:00:00,Telangana,urban,2,51,True,low,0.146,17.395129,78.272288,monsoon,6,17,Day,Thunderstorm,True,1204.0,5.0,True,,Working,88.0,116.0,4.0,208.0,0.0,,False,,,,1204
L002,2025-07-06 18:00:00,Telangana,urban,2,51,True,low,0.146,17.395129,78.272288,monsoon,6,18,Day,Rain,True,916.0,12.7,True,,Working,86.0,83.0,6.0,175.0,0.0,,False,,,,916
L002,2025-07-06 19:00:00,Telangana,urban,2,51,True,low,0.146,17.395129,78.272288,monsoon,6,19,Dusk/Dawn,Rain,False,410.0,22.2,False,,Working,83.0,69.0,4.0,156.0,1.0,,False,,,,410
L002,2025-07-06 20:00:00,Telangana,urban,2,51,True,low,0.146,17.395129,78.272288,monsoon,6,20,Night,Clear,True,2034.0,5.0,True,,Working,86.0,112.0,10.0,208.0,1.0,,False,,,,2034
L002,2025-07-06 21:00:00,Telangana,urban,2,51,True,low,0.146,17.395129,78.272288,monsoon,6,21,Night,Rain,True,774.0,7.0,True,,Working,69.0,83.0,4.0,156.0,0.0,,False,,,,774
L002,2025-07-06 22:00:00,Telangana,urban,2,51,True,low,0.146,17.395129,78.272288,monsoon,6,22,Night,Thunderstorm,False,286.0,27.4,False,,Working,74.0,51.0,10.0,135.0,0.0,,False,,,,286
L002,2025-07-06 23:00:00,Telangana,urban,2,51,True,low,0.146,17.395129,78.272288,monsoon,6,23,Night,Rain,False,269.0,23.0,False,,Working,31.0,114.0,9.0,154.0,2.0,,False,,,,269
L002,2025-07-07 00:00:00,Telangana,urban,2,51,True,low,0.146,17.395129,78.272288,monsoon,0,0,Night,Rain,False,733.0,5.0,False,,Working,50.0,60.0,5.0,115.0,0.0,,False,,,,733
L002,2025-07-07 01:00:00,Telangana,urban,2,51,True,low,0.146,17.395129,78.272288,monsoon,0,1,Night,Rain,False,657.0,10.5,False,,Off,,,,,,,True,Minor,2.0,Weather-related,657
L002,2025-07-07 02:00:00,Telangana,urban,2,51,True,low,0.146,17.395129,78.272288,monsoon,0,2,Night,Thunderstorm,False,607.0,19.8,False,,Working,71.0,85.0,6.0,162.0,2.0,,False,,,,607
L002,2025-07-07 03:00:00,Telangana,urban,2,51,True,low,0.146,17.395129,78.272288,monsoon,0,3,Night,Rain,False,299.0,12.2,False,,Working,89.0,89.0,7.0,185.0,2.0,,False,,,,299
L002,2025-07-07 04:00:00,Telangana,urban,2,51,True,low,0.146,17.395129,78.272288,monsoon,0,4,Night,Clear,False,334.0,26.2,False,,Working,80.0,34.0,5.0,119.0,1.0,,False,,,,334
L002,2025-07-07 05:00:00,Telangana,urban,2,51,True,low,0.146,17.395129,78.272288,monsoon,0,5,Dusk/Dawn,Clear,False,392.0,27.9,False,,Working,53.0,106.0,5.0,164.0,0.0,,False,,,,392
L002,2025-07-07 06:00:00,Telangana,urban,2,51,True,low,0.146,17.395129,78.272288,monsoon,0,6,Day,Rain,False,530.0,8.0,False,,Working,47.0,99.0,4.0,150.0,0.0,,False,,,,530
L002,2025-07-07 07:00:00,Telangana,urban,2,51,True,low,0.146,17.395129,78.272288,monsoon,0,7,Day,Rain,False,281.0,23.5,False,,Working,34.0,76.0,6.0,116.0,2.0,,False,,,,281
L002,2025-07-07 08:00:00,Telangana,urban,2,51,True,low,0.146,17.395129,78.272288,monsoon,0,8,Day,Thunderstorm,True,893.0,11.7,True,,Working,38.0,64.0,4.0,106.0,2.0,,False,,,,893
L002,2025-07-07 09:00:00,Telangana,urban,2,51,True,low,0.146,17.395129,78.272288,monsoon,0,9,Day,Clear,True,1401.0,13.1,True,,Blinking,,,,,,,False,,,,1401
L002,2025-07-07 10:00:00,Telangana,urban,2,51,True,low,0.146,17.395129,78.272288,monsoon,0,10,Day,Rain,True,788.0,,True,,Working,62.0,113.0,4.0,179.0,3.0,,False,,,,788
L002,2025-07-07 11:00:00,Telangana,urban,2,51,True,low,0.146,17.395129,78.272288,monsoon,0,11,Day,Rain,True,639.0,15.4,True,,Off,,,,,,,False,,,,639
L002,2025-07-07 12:00:00,Telangana,urban,2,51,True,low,0.146,17.395129,78.272288,monsoon,0,12,Day,Thunderstorm,False,573.0,19.9,False,,Working,54.0,44.0,5.0,103.0,2.0,,False,,,,573
L002,2025-07-07 13:00:00,Telangana,urban,2,51,True,low,0.146,17.395129,78.272288,monsoon,0,13,Day,Rain,False,185.0,34.8,False,,Working,50.0,81.0,7.0,138.0,1.0,,False,,,,185
L002,2025-07-07 14:00:00,Telangana,urban,2,51,True,low,0.146,17.395129,78.272288,monsoon,0,14,Day,Rain,False,517.0,,False,,Working,73.0,84.0,6.0,163.0,2.0,,False,,,,517
L002,2025-07-07 15:00:00,Telangana,urban,2,51,True,low,0.146,17.395129,78.272288,monsoon,0,15,Day,Rain,False,389.0,12.0,False,,Working,81.0,83.0,6.0,170.0,0.0,,False,,,,389
L002,2025-07-07 16:00:00,Telangana,urban,2,51,True,low,0.146,17.395129,78.272288,monsoon,0,16,Day,Rain,False,380.0,16.9,False,,Working,79.0,98.0,6.0,183.0,4.0,,False,,,,380
L002,2025-07-07 17:00:00,Telangana,urban,2,51,True,low,0.146,17.395129,78.272288,monsoon,0,17,Day,Clear,True,1019.0,11.8,True,,Working,57.0,112.0,4.0,173.0,1.0,,False,,,,1019
L002,2025-07-07 18:00:00,Telangana,urban,2,51,True,low,0.146,17.395129,78.272288,monsoon,0,18,Day,Clear,True,1171.0,16.8,True,,Working,70.0,40.0,7.0,117.0,0.0,,False,,,,1171
L002,2025-07-07 19:00:00,Telangana,urban,2,51,True,low,0.146,17.395129,78.272288,monsoon,0,19,Dusk/Dawn,Rain,True,1003.0,9.5,True,,Off,,,,,,,True,Minor,2.0,Weather-related,1003
L002,2025-07-07 20:00:00,Telangana,urban,2,51,True,low,0.146,17.395129,78.272288,monsoon,0,20,Night,Rain,True,1518.0,5.0,True,,Working,72.0,92.0,5.0,169.0,1.0,,False,,,,1518
L002,2025-07-07 21:00:00,Telangana,urban,2,51,True,low,0.146,17.395129,78.272288,monsoon,0,21,Night,Thunderstorm,True,1128.0,14.2,True,,Working,26.0,42.0,4.0,72.0,1.0,,False,,,,1128
L002,2025-07-07 22:00:00,Telangana,urban,2,51,True,low,0.146,17.395129,78.272288,monsoon,0,22,Night,Thunderstorm,False,282.0,30.8,False,,Working,53.0,60.0,8.0,121.0,0.0,,False,,,,282
L002,2025-07-07 23:00:00,Telangana,urban,2,51,True,low,0.146,17.395129,78.272288,monsoon,0,23,Night,Rain,False,309.0,,False,,Working,71.0,32.0,4.0,107.0,0.0,,False,,,,309
L003,2025-07-01 00:00:00,Telangana,rural,1,70,True,high,0.127,17.382975,78.327343,monsoon,1,0,Night,Rain,False,353.0,27.6,False,,Working,67.0,77.0,4.0,148.0,0.0,,False,,,,353
L003,2025-07-01 01:00:00,Telangana,rural,1,70,True,high,0.127,17.382975,78.327343,monsoon,1,1,Night,Thunderstorm,False,174.0,48.1,False,,Working,44.0,106.0,4.0,154.0,0.0,,False,,,,174
L003,2025-07-01 02:00:00,Telangana,rural,1,70,True,high,0.127,17.382975,78.327343,monsoon,1,2,Night,Rain,False,103.0,43.8,False,,Working,66.0,106.0,3.0,175.0,0.0,,False,,,,103
L003,2025-07-01 03:00:00,Telangana,rural,1,70,True,high,0.127,17.382975,78.327343,monsoon,1,3,Night,Clear,False,81.0,50.5,False,,Working,41.0,76.0,8.0,125.0,0.0,,False,,,,81
L003,2025-07-01 04:00:00,Telangana,rural,1,70,True,high,0.127,17.382975,78.327343,monsoon,1,4,Night,Rain,False,63.0,47.4,False,,Working,58.0,79.0,4.0,141.0,0.0,,False,,,,63
L003,2025-07-01 05:00:00,Telangana,rural,1,70,True,high,0.127,17.382975,78.327343,monsoon,1,5,Dusk/Dawn,Clear,False,174.0,46.2,False,,Off,,,,,,,False,,,,174
L003,2025-07-01 06:00:00,Telangana,rural,1,70,True,high,0.127,17.382975,78.327343,monsoon,1,6,Day,Thunderstorm,False,316.0,38.7,False,,Working,27.0,100.0,5.0,132.0,0.0,,False,,,,316
L003,2025-07-01 07:00:00,Telangana,rural,1,70,True,high,0.127,17.382975,78.327343,monsoon,1,7,Day,Rain,False,230.0,,False,,Working,84.0,112.0,5.0,201.0,0.0,,False,,,,230
L003,2025-07-01 08:00:00,Telangana,rural,1,70,True,high,0.127,17.382975,78.327343,monsoon,1,8,Day,Clear,True,171.0,42.9,True,,Working,31.0,73.0,5.0,109.0,0.0,,False,,,,171
L003,2025-07-01 09:00:00,Telangana,rural,1,70,True,high,0.127,17.382975,78.327343,monsoon,1,9,Day,Rain,True,293.0,31.6,True,,Working,82.0,49.0,5.0,136.0,0.0,,False,,,,293
L003,2025-07-01 10:00:00,Telangana,rural,1,70,True,high,0.127,17.382975,78.327343,monsoon,1,10,Day,Rain,True,284.0,40.0,True,,Working,26.0,51.0,6.0,83.0,0.0,,False,,,,284
L003,2025-07-01 11:00:00,Telangana,rural,1,70,True,high,0.127,17.382975,78.327343,monsoon,1,11,Day,Rain,True,121.0,42.1,True,,Working,46.0,112.0,3.0,161.0,1.0,,False,,,,121
L003,2025-07-01 12:00:00,Telangana,rural,1,70,True,high,0.127,17.382975,78.327343,monsoon,1,12,Day,Clear,False,220.0,41.2,False,,Working,47.0,103.0,5.0,155.0,0.0,,False,,,,220
L003,2025-07-01 13:00:00,Telangana,rural,1,70,True,high,0.127,17.382975,78.327343,monsoon,1,13,Day,Rain,False,89.0,,False,,Working,44.0,85.0,7.0,136.0,1.0,,False,,,,89
L003,2025-07-01 14:00:00,Telangana,rural,1,70,True,high,0.127,17.382975,78.327343,monsoon,1,14,Day,,False,153.0,41.1,False,,Working,34.0,51.0,4.0,89.0,0.0,,False,,,,153
L003,2025-07-01 15:00:00,Telangana,rural,1,70,True,high,0.127,17.382975,78.327343,monsoon,1,15,Day,Rain,False,119.0,42.8,False,,Working,62.0,50.0,3.0,115.0,0.0,,False,,,,119
L003,2025-07-01 16:00:00,Telangana,rural,1,70,True,high,0.127,17.382975,78.327343,monsoon,1,16,Day,Rain,False,44.0,49.1,False,,Working,55.0,118.0,6.0,179.0,0.0,,False,,,,44
L003,2025-07-01 17:00:00,Telangana,rural,1,70,True,high,0.127,17.382975,78.327343,monsoon,1,17,Day,Rain,True,506.0,21.7,True,,Working,62.0,80.0,6.0,148.0,0.0,,False,,,,506
L003,2025-07-01 18:00:00,Telangana,rural,1,70,True,high,0.127,17.382975,78.327343,monsoon,1,18,Day,Rain,True,144.0,37.7,True,,Working,42.0,119.0,3.0,164.0,1.0,,False,,,,144
L003,2025-07-01 19:00:00,Telangana,rural,1,70,True,high,0.127,17.382975,78.327343,monsoon,1,19,Dusk/Dawn,Rain,True,444.0,34.4,True,,Blinking,,,,,,,False,,,,444
L003,2025-07-01 20:00:00,Telangana,rural,1,70,True,high,0.127,17.382975,78.327343,monsoon,1,20,Night,Rain,True,509.0,,True,,Working,47.0,36.0,10.0,93.0,0.0,,False,,,,509
L003,2025-07-01 21:00:00,Telangana,rural,1,70,True,high,0.127,17.382975,78.327343,monsoon,1,21,Night,Rain,True,387.0,31.6,True,,Working,86.0,103.0,6.0,195.0,0.0,,False,,,,387
L003,2025-07-01 22:00:00,Telangana,rural,1,70,True,high,0.127,17.382975,78.327343,monsoon,1,22,Night,Clear,False,253.0,45.4,False,,Working,59.0,108.0,10.0,177.0,0.0,,False,,,,253
L003,2025-07-01 23:00:00,Telangana,rural,1,70,True,high,0.127,17.382975,78.327343,monsoon,1,23,Night,Clear,False,71.0,58.4,False,,Blinking,,,,,,,False,,,,71
L003,2025-07-02 00:00:00,Telangana,rural,1,70,True,high,0.127,17.382975,78.327343,monsoon,2,0,Night,Rain,False,211.0,38.1,False,,Working,51.0,93.0,6.0,150.0,1.0,,False,,,,211
L003,2025-07-02 01:00:00,Telangana,rural,1,70,True,high,0.127,17.382975,78.327343,monsoon,2,1,Night,Rain,False,200.0,44.1,False,,Working,44.0,114.0,9.0,167.0,0.0,,False,,,,200
L003,2025-07-02 02:00:00,Telangana,rural,1,70,True,high,0.127,17.382975,78.327343,monsoon,2,2,Night,Rain,False,97.0,46.7,False,,Working,48.0,118.0,7.0,173.0,1.0,,False,,,,97
L003,2025-07-02 03:00:00,Telangana,rural,1,70,True,high,0.127,17.382975,78.327343,monsoon,2,3,Night,Clear,False,82.0,52.6,False,,Working,88.0,60.0,7.0,155.0,1.0,,True,Minor,2.0,Unknown,82
L003,2025-07-02 04:00:00,Telangana,rural,1,70,True,high,0.127,17.382975,78.327343,monsoon,2,4,Night,Clear,False,353.0,38.5,False,,Working,59.0,50.0,9.0,118.0,0.0,,False,,,,353
L003,2025-07-02 05:00:00,Telangana,rural,1,70,True,high,0.127,17.382975,78.327343,monsoon,2,5,Dusk/Dawn,Clear,False,237.0,37.8,False,,Working,41.0,41.0,6.0,88.0,0.0,,False,,,,237
L003,2025-07-02 06:00:00,Telangana,rural,1,70,True,high,0.127,17.382975,78.327343,monsoon,2,6,Day,Rain,False,202.0,27.7,False,,Working,84.0,96.0,5.0,185.0,0.0,,False,,,,202
L003,2025-07-02 07:00:00,Telangana,rural,1,70,True,high,0.127,17.382975,78.327343,monsoon,2,7,Day,Rain,False,287.0,37.7,False,,Blinking,,,,,,,False,,,,287
L003,2025-07-02 08:00:00,Telangana,rural,1,70,True,high,0.127,17.382975,78.327343,monsoon,2,8,Day,,True,418.0,26.0,True,,Off,,,,,,,False,,,,418
L003,2025-07-02 09:00:00,Telangana,rural,1,70,True,high,0.127,17.382975,78.327343,monsoon,2,9,Day,Rain,True,309.0,27.0,True,,Blinking,,,,,,,False,,,,309
L003,2025-07-02 10:00:00,Telangana,rural,1,70,True,high,0.127,17.382975,78.327343,monsoon,2,10,Day,Thunderstorm,True,223.0,41.0,True,,Working,33.0,78.0,7.0,118.0,0.0,,False,,,,223
L003,2025-07-02 11:00:00,Telangana,rural,1,70,True,high,0.127,17.382975,78.327343,monsoon,2,11,Day,Clear,True,185.0,44.3,True,,Working,43.0,92.0,4.0,139.0,0.0,,False,,,,185
L003,2025-07-02 12:00:00,Telangana,rural,1,70,True,high,0.127,17.382975,78.327343,monsoon,2,12,Day,Rain,False,48.0,51.1,False,,Working,25.0,114.0,7.0,146.0,0.0,,False,,,,48
L003,2025-07-02 13:00:00,Telangana,rural,1,70,True,high,0.127,17.382975,78.327343,monsoon,2,13,Day,Rain,False,137.0,42.9,False,,Working,57.0,38.0,4.0,99.0,1.0,,False,,,,137
L003,2025-07-02 14:00:00,Telangana,rural,1,70,True,high,0.127,17.382975,78.327343,monsoon,2,14,Day,,False,187.0,,False,,Working,55.0,101.0,4.0,160.0,0.0,,False,,,,187
L003,2025-07-02 15:00:00,Telangana,rural,1,70,True,high,0.127,17.382975,78.327343,monsoon,2,15,Day,Rain,False,218.0,40.3,False,,Working,43.0,93.0,6.0,142.0,0.0,,False,,,,218
L003,2025-07-02 16:00:00,Telangana,rural,1,70,True,high,0.127,17.382975,78.327343,monsoon,2,16,Day,Rain,False,234.0,37.9,False,,Working,79.0,120.0,65.0,205.0,0.0,sig_glitch,True,Major,3.0,Weather-related,234
L003,2025-07-02 17:00:00,Telangana,rural,1,70,True,high,0.127,17.382975,78.327343,monsoon,2,17,Day,Thunderstorm,True,130.0,49.1,True,,Working,64.0,120.0,7.0,191.0,0.0,,False,,,,130
L003,2025-07-02 18:00:00,Telangana,rural,1,70,True,high,0.127,17.382975,78.327343,monsoon,2,18,Day,Clear,True,552.0,32.7,True,,Off,,,,,,,False,,,,552
L003,2025-07-02 19:00:00,Telangana,rural,1,70,True,high,0.127,17.382975,78.327343,monsoon,2,19,Dusk/Dawn,Thunderstorm,True,121.0,50.2,True,,Working,60.0,84.0,5.0,149.0,0.0,,False,,,,121
L003,2025-07-02 20:00:00,Telangana,rural,1,70,True,high,0.127,17.382975,78.327343,monsoon,2,20,Night,Rain,True,211.0,30.5,True,,Working,82.0,47.0,9.0,138.0,0.0,,False,,,,211
L003,2025-07-02 21:00:00,Telangana,rural,1,70,True,high,0.127,17.382975,78.327343,monsoon,2,21,Night,Clear,True,176.0,53.4,True,,Working,60.0,99.0,3.0,162.0,0.0,,False,,,,176
L003,2025-07-02 22:00:00,Telangana,rural,1,70,True,high,0.127,17.382975,78.327343,monsoon,2,22,Night,,False,182.0,41.0,False,,Working,68.0,73.0,5.0,146.0,0.0,,False,,,,182
L003,2025-07-02 23:00:00,Telangana,rural,1,70,True,high,0.127,17.382975,78.327343,monsoon,2,23,Night,Thunderstorm,False,115.0,55.1,False,,Working,49.0,103.0,9.0,161.0,1.0,,False,,,,115
L003,2025-07-03 00:00:00,Telangana,rural,1,70,True,high,0.127,17.382975,78.327343,monsoon,3,0,Night,Rain,False,97.0,48.4,False,,Off,,,,,,,False,,,,97
L003,2025-07-03 01:00:00,Telangana,rural,1,70,True,high,0.127,17.382975,78.327343,monsoon,3,1,Night,Clear,False,71.0,59.5,False,,Working,38.0,45.0,10.0,93.0,0.0,,False,,,,71
L003,2025-07-03 02:00:00,Telangana,rural,1,70,True,high,0.127,17.382975,78.327343,monsoon,3,2,Night,Rain,False,93.0,46.0,False,,Working,76.0,48.0,7.0,131.0,0.0,,False,,,,93
L003,2025-07-03 03:00:00,Telangana,rural,1,70,True,high,0.127,17.382975,78.327343,monsoon,3,3,Night,Clear,False,186.0,35.2,False,,Working,41.0,101.0,10.0,152.0,0.0,,False,,,,186
L003,2025-07-03 04:00:00,Telangana,rural,1,70,True,high,0.127,17.382975,78.327343,monsoon,3,4,Night,Clear,False,107.0,52.9,False,,Working,40.0,45.0,4.0,89.0,0.0,,False,,,,107