location_id,timestamp,state,road_type,lane_count,speed_limit_kmph,has_signal,enforcement_level,blackspot_score,latitude,longitude,season,day_of_week,hour_of_day,lighting,weather,is_peak,vehicle_count_per_hr,avg_speed_kmph,peak,traffic_data_quality_flag,signal_status,green_duration_s,red_duration_s,yellow_duration_s,cycle_time_s,violations_count,signal_data_quality_flag,accident_occurred,severity,vehicles_involved,cause,veh_count_at_accident
L004,2025-07-07 00:00:00,Telangana,urban,3,57,True,medium,0.054,17.49577,78.511705,monsoon,0,0,Night,Clear,False,338.0,42.6,False,,Working,41.0,33.0,8.0,82.0,2.0,,False,,,,338
L004,2025-07-07 01:00:00,Telangana,urban,3,57,True,medium,0.054,17.49577,78.511705,monsoon,0,1,Night,Clear,False,628.0,28.3,False,,Working,55.0,33.0,5.0,93.0,0.0,,False,,,,628
L004,2025-07-07 02:00:00,Telangana,urban,3,57,True,medium,0.054,17.49577,78.511705,monsoon,0,2,Night,Rain,False,967.0,16.4,False,,Working,67.0,103.0,4.0,174.0,3.0,,False,,,,967
L004,2025-07-07 03:00:00,Telangana,urban,3,57,True,medium,0.054,17.49577,78.511705,monsoon,0,3,Night,Clear,False,807.0,20.0,False,,Working,84.0,76.0,9.0,169.0,2.0,,False,,,,807
L004,2025-07-07 04:00:00,Telangana,urban,3,57,True,medium,0.054,17.49577,78.511705,monsoon,0,4,Night,Rain,False,737.0,18.7,False,,Working,37.0,91.0,6.0,134.0,2.0,,False,,,,737
L004,2025-07-07 05:00:00,Telangana,urban,3,57,True,medium,0.054,17.49577,78.511705,monsoon,0,5,Dusk/Dawn,Clear,False,940.0,28.2,False,,Working,49.0,102.0,4.0,155.0,0.0,,False,,,,940
L004,2025-07-07 06:00:00,Telangana,urban,3,57,True,medium,0.054,17.49577,78.511705,monsoon,0,6,Day,Clear,False,483.0,41.5,False,,Working,85.0,78.0,3.0,166.0,1.0,,False,,,,483
L004,2025-07-07 07:00:00,Telangana,urban,3,57,True,medium,0.054,17.49577,78.511705,monsoon,0,7,Day,Clear,False,560.0,34.8,False,,Working,39.0,68.0,4.0,111.0,1.0,,False,,,,560
L004,2025-07-07 08:00:00,Telangana,urban,3,57,True,medium,0.054,17.49577,78.511705,monsoon,0,8,Day,Rain,True,2244.0,15.0,True,,Working,37.0,83.0,4.0,124.0,0.0,,False,,,,2244
L004,2025-07-07 09:00:00,Telangana,urban,3,57,True,medium,0.054,17.49577,78.511705,monsoon,0,9,Day,Rain,True,1168.0,20.9,True,,Working,66.0,33.0,3.0,102.0,2.0,,False,,,,1168
L004,2025-07-07 10:00:00,Telangana,urban,3,57,True,medium,0.054,17.49577,78.511705,monsoon,0,10,Day,Rain,True,1317.0,11.6,True,,Working,32.0,114.0,5.0,151.0,1.0,,False,,,,1317
L004,2025-07-07 11:00:00,Telangana,urban,3,57,True,medium,0.054,17.49577,78.511705,monsoon,0,11,Day,Rain,True,1385.0,22.9,True,,Working,29.0,93.0,7.0,129.0,0.0,,False,,,,1385
L004,2025-07-07 12:00:00,Telangana,urban,3,57,True,medium,0.054,17.49577,78.511705,monsoon,0,12,Day,Rain,False,317.0,41.6,False,,Working,61.0,70.0,6.0,137.0,1.0,,False,,,,317
L004,2025-07-07 13:00:00,Telangana,urban,3,57,True,medium,0.054,17.49577,78.511705,monsoon,0,13,Day,Clear,False,390.0,36.2,False,,Working,29.0,54.0,7.0,90.0,1.0,,False,,,,390
L004,2025-07-07 14:00:00,Telangana,urban,3,57,True,medium,0.054,17.49577,78.511705,monsoon,0,14,Day,Clear,False,646.0,35.7,False,,Blinking,,,,,,,False,,,,646
L004,2025-07-07 15:00:00,Telangana,urban,3,57,True,medium,0.054,17.49577,78.511705,monsoon,0,15,Day,Rain,False,363.0,,False,,Off,,,,,,,False,,,,363
L004,2025-07-07 16:00:00,Telangana,urban,3,57,True,medium,0.054,17.49577,78.511705,monsoon,0,16,Day,Clear,False,693.0,29.2,False,,Working,68.0,117.0,6.0,191.0,0.0,,False,,,,693
L004,2025-07-07 17:00:00,Telangana,urban,3,57,True,medium,0.054,17.49577,78.511705,monsoon,0,17,Day,Clear,True,646.0,30.9,True,,Working,86.0,115.0,7.0,208.0,1.0,,False,,,,646
L004,2025-07-07 18:00:00,Telangana,urban,3,57,True,medium,0.054,17.49577,78.511705,monsoon,0,18,Day,Clear,True,1927.0,10.0,True,,Working,26.0,99.0,4.0,129.0,0.0,,False,,,,1927
L004,2025-07-07 19:00:00,Telangana,urban,3,57,True,medium,0.054,17.49577,78.511705,monsoon,0,19,Dusk/Dawn,Clear,True,1064.0,30.6,True,,Working,88.0,70.0,3.0,161.0,1.0,,False,,,,1064
L004,2025-07-07 20:00:00,Telangana,urban,3,57,True,medium,0.054,17.49577,78.511705,monsoon,0,20,Night,Clear,True,1791.0,15.8,True,,Working,25.0,54.0,3.0,82.0,1.0,,False,,,,1791
L004,2025-07-07 21:00:00,Telangana,urban,3,57,True,medium,0.054,17.49577,78.511705,monsoon,0,21,Night,Rain,True,921.0,18.4,True,,Working,79.0,116.0,5.0,200.0,1.0,,False,,,,921
L004,2025-07-07 22:00:00,Telangana,urban,3,57,True,medium,0.054,17.49577,78.511705,monsoon,0,22,Night,Rain,False,385.0,27.0,False,,Working,31.0,105.0,10.0,146.0,1.0,,False,,,,385
L004,2025-07-07 23:00:00,Telangana,urban,3,57,True,medium,0.054,17.49577,78.511705,monsoon,0,23,Night,Rain,False,373.0,32.8,False,,Working,36.0,51.0,3.0,90.0,3.0,,False,,,,373
L005,2025-07-01 00:00:00,Telangana,urban,4,47,False,medium,0.228,17.258487,78.409001,monsoon,1,0,Night,Rain,False,991.0,12.2,False,,,,,,,,,False,,,,991
L005,2025-07-01 01:00:00,Telangana,urban,4,47,False,medium,0.228,17.258487,78.409001,monsoon,1,1,Night,Clear,False,594.0,24.0,False,,,,,,,,,False,,,,594
L005,2025-07-01 02:00:00,Telangana,urban,4,47,False,medium,0.228,17.258487,78.409001,monsoon,1,2,Night,Clear,False,870.0,17.7,False,,,,,,,,,False,,,,870
L005,2025-07-01 03:00:00,Telangana,urban,4,47,False,medium,0.228,17.258487,78.409001,monsoon,1,3,Night,Rain,False,394.0,16.3,False,,,,,,,,,False,,,,394
L005,2025-07-01 04:00:00,Telangana,urban,4,47,False,medium,0.228,17.258487,78.409001,monsoon,1,4,Night,Rain,False,450.0,16.5,False,,,,,,,,,False,,,,450
L005,2025-07-01 05:00:00,Telangana,urban,4,47,False,medium,0.228,17.258487,78.409001,monsoon,1,5,Dusk/Dawn,Clear,False,1048.0,16.7,False,,,,,,,,,False,,,,1048
L005,2025-07-01 06:00:00,Telangana,urban,4,47,False,medium,0.228,17.258487,78.409001,monsoon,1,6,Day,Rain,False,2410.0,23.6,False,veh_spike,,,,,,,,False,,,,2410
L005,2025-07-01 07:00:00,Telangana,urban,4,47,False,medium,0.228,17.258487,78.409001,monsoon,1,7,Day,Rain,False,657.0,20.0,False,,,,,,,,,False,,,,657
L005,2025-07-01 08:00:00,Telangana,urban,4,47,False,medium,0.228,17.258487,78.409001,monsoon,1,8,Day,Rain,True,2064.0,,True,,,,,,,,,False,,,,2064
L005,2025-07-01 09:00:00,Telangana,urban,4,47,False,medium,0.228,17.258487,78.409001,monsoon,1,9,Day,Rain,True,1065.0,,True,,,,,,,,,False,,,,1065
L005,2025-07-01 10:00:00,Telangana,urban,4,47,False,medium,0.228,17.258487,78.409001,monsoon,1,10,Day,Clear,True,2214.0,7.5,True,,,,,,,,,False,,,,2214
L005,2025-07-01 11:00:00,Telangana,urban,4,47,False,medium,0.228,17.258487,78.409001,monsoon,1,11,Day,Thunderstorm,True,1639.0,8.0,True,,,,,,,,,False,,,,1639
L005,2025-07-01 12:00:00,Telangana,urban,4,47,False,medium,0.228,17.258487,78.409001,monsoon,1,12,Day,Rain,False,249.0,26.5,False,,,,,,,,,False,,,,249
L005,2025-07-01 13:00:00,Telangana,urban,4,47,False,medium,0.228,17.258487,78.409001,monsoon,1,13,,Clear,False,270.0,33.3,False,,,,,,,,,False,,,,270
L005,2025-07-01 14:00:00,Telangana,urban,4,47,False,medium,0.228,17.258487,78.409001,monsoon,1,14,Day,Rain,False,336.0,22.5,False,,,,,,,,,False,,,,336
L005,2025-07-01 15:00:00,Telangana,urban,4,47,False,medium,0.228,17.258487,78.409001,monsoon,1,15,Day,Rain,False,360.0,30.6,False,,,,,,,,,False,,,,360
L005,2025-07-01 16:00:00,Telangana,urban,4,47,False,medium,0.228,17.258487,78.409001,monsoon,1,16,Day,Rain,False,336.0,25.4,False,,,,,,,,,False,,,,336
L005,2025-07-01 17:00:00,Telangana,urban,4,47,False,medium,0.228,17.258487,78.409001,monsoon,1,17,Day,Rain,True,895.0,13.4,True,,,,,,,,,False,,,,895
L005,2025-07-01 18:00:00,Telangana,urban,4,47,False,medium,0.228,17.258487,78.409001,monsoon,1,18,Day,Rain,True,1791.0,8.0,True,,,,,,,,,False,,,,1791
L005,2025-07-01 19:00:00,Telangana,urban,4,47,False,medium,0.228,17.258487,78.409001,monsoon,1,19,Dusk/Dawn,Clear,True,2099.0,10.0,True,,,,,,,,,False,,,,2099
L005,2025-07-01 20:00:00,Telangana,urban,4,47,False,medium,0.228,17.258487,78.409001,monsoon,1,20,Night,Clear,True,2495.0,5.0,True,,,,,,,,,False,,,,2495
L005,2025-07-01 21:00:00,Telangana,urban,4,47,False,medium,0.228,17.258487,78.409001,monsoon,1,21,Night,Rain,True,1120.0,16.7,True,,,,,,,,,True,Minor,2.0,Weather-related,1120
L005,2025-07-01 22:00:00,Telangana,urban,4,47,False,medium,0.228,17.258487,78.409001,monsoon,1,22,Night,Rain,False,567.0,,False,,,,,,,,,False,,,,567
L005,2025-07-01 23:00:00,Telangana,urban,4,47,False,medium,0.228,17.258487,78.409001,monsoon,1,23,Night,Clear,False,492.0,23.5,False,,,,,,,,,False,,,,492
L005,2025-07-02 00:00:00,Telangana,urban,4,47,False,medium,0.228,17.258487,78.409001,monsoon,2,0,Night,Clear,False,509.0,29.4,False,,,,,,,,,False,,,,509
L005,2025-07-02 01:00:00,Telangana,urban,4,47,False,medium,0.228,17.258487,78.409001,monsoon,2,1,Night,Rain,False,491.0,16.5,False,,,,,,,,,False,,,,491
L005,2025-07-02 02:00:00,Telangana,urban,4,47,False,medium,0.228,17.258487,78.409001,monsoon,2,2,Night,Thunderstorm,False,552.0,23.5,False,,,,,,,,,False,,,,552
L005,2025-07-02 03:00:00,Telangana,urban,4,47,False,medium,0.228,17.258487,78.409001,monsoon,2,3,Night,Rain,False,641.0,16.5,False,,,,,,,,,False,,,,641
L005,2025-07-02 04:00:00,Telangana,urban,4,47,False,medium,0.228,17.258487,78.409001,monsoon,2,4,Night,Clear,False,211.0,33.8,False,,,,,,,,,False,,,,211
L005,2025-07-02 05:00:00,Telangana,urban,4,47,False,medium,0.228,17.258487,78.409001,monsoon,2,5,Dusk/Dawn,Clear,False,479.0,26.9,False,,,,,,,,,False,,,,479
L005,2025-07-02 06:00:00,Telangana,urban,4,47,False,medium,0.228,17.258487,78.409001,monsoon,2,6,Day,Clear,False,542.0,27.6,False,,,,,,,,,False,,,,542
L005,2025-07-02 07:00:00,Telangana,urban,4,47,False,medium,0.228,17.258487,78.409001,monsoon,2,7,Day,Thunderstorm,False,276.0,32.6,False,,,,,,,,,False,,,,276
L005,2025-07-02 08:00:00,Telangana,urban,4,47,False,medium,0.228,17.258487,78.409001,monsoon,2,8,Day,Clear,True,1208.0,20.6,True,,,,,,,,,True,Minor,2.0,Unknown,1208
L005,2025-07-02 09:00:00,Telangana,urban,4,47,False,medium,0.228,17.258487,78.409001,monsoon,2,9,Day,Rain,True,812.0,19.5,True,,,,,,,,,False,,,,812
L005,2025-07-02 10:00:00,Telangana,urban,4,47,False,medium,0.228,17.258487,78.409001,monsoon,2,10,Day,Clear,True,2522.0,12.8,True,,,,,,,,,False,,,,2522
L005,2025-07-02 11:00:00,Telangana,urban,4,47,False,medium,0.228,17.258487,78.409001,monsoon,2,11,Day,Rain,True,838.0,20.7,True,,,,,,,,,False,,,,838
L005,2025-07-02 12:00:00,Telangana,urban,4,47,False,medium,0.228,17.258487,78.409001,monsoon,2,12,Day,Rain,False,612.0,27.7,False,,,,,,,,,False,,,,612
L005,2025-07-02 13:00:00,Telangana,urban,4,47,False,medium,0.228,17.258487,78.409001,monsoon,2,13,Day,Rain,False,411.0,24.5,False,,,,,,,,,False,,,,411
L005,2025-07-02 14:00:00,Telangana,urban,4,47,False,medium,0.228,17.258487,78.409001,monsoon,2,14,Day,Clear,False,499.0,30.0,False,,,,,,,,,False,,,,499
L005,2025-07-02 15:00:00,Telangana,urban,4,47,False,medium,0.228,17.258487,78.409001,monsoon,2,15,Day,Clear,False,1062.0,14.7,False,,,,,,,,,False,,,,1062
L005,2025-07-02 16:00:00,Telangana,urban,4,47,False,medium,0.228,17.258487,78.409001,monsoon,2,16,Day,Clear,False,812.0,25.2,False,,,,,,,,,False,,,,812
L005,2025-07-02 17:00:00,Telangana,urban,4,47,False,medium,0.228,17.258487,78.409001,monsoon,2,17,Day,Thunderstorm,True,653.0,18.8,True,,,,,,,,,False,,,,653
L005,2025-07-02 18:00:00,Telangana,urban,4,47,False,medium,0.228,17.258487,78.409001,monsoon,2,18,Day,Rain,True,749.0,23.6,True,,,,,,,,,False,,,,749
L005,2025-07-02 19:00:00,Telangana,urban,4,47,False,medium,0.228,17.258487,78.409001,monsoon,2,19,Dusk/Dawn,Rain,True,1679.0,12.3,True,,,,,,,,,False,,,,1679
L005,2025-07-02 20:00:00,Telangana,urban,4,47,False,medium,0.228,17.258487,78.409001,monsoon,2,20,Night,Rain,True,1937.0,,True,,,,,,,,,False,,,,1937
L005,2025-07-02 21:00:00,Telangana,urban,4,47,False,medium,0.228,17.258487,78.409001,monsoon,2,21,Night,Rain,True,687.0,15.6,True,,,,,,,,,False,,,,687
L005,2025-07-02 22:00:00,Telangana,urban,4,47,False,medium,0.228,17.258487,78.409001,monsoon,2,22,Night,Clear,False,358.0,27.5,False,,,,,,,,,False,,,,358
L005,2025-07-02 23:00:00,Telangana,urban,4,47,False,medium,0.228,17.258487,78.409001,monsoon,2,23,Night,Thunderstorm,False,851.0,24.4,False,,,,,,,,,False,,,,851
L005,2025-07-03 00:00:00,Telangana,urban,4,47,False,medium,0.228,17.258487,78.409001,monsoon,3,0,Night,Rain,False,594.0,,False,,,,,,,,,False,,,,594
L005,2025-07-03 01:00:00,Telangana,urban,4,47,False,medium,0.228,17.258487,78.409001,monsoon,3,1,Night,Rain,False,254.0,24.6,False,,,,,,,,,False,,,,254
L005,2025-07-03 02:00:00,Telangana,urban,4,47,False,medium,0.228,17.258487,78.409001,monsoon,3,2,Night,Rain,False,306.0,26.7,False,,,,,,,,,False,,,,306
L005,2025-07-03 03:00:00,Telangana,urban,4,47,False,medium,0.228,17.258487,78.409001,monsoon,3,3,Night,Clear,False,729.0,16.3,False,,,,,,,,,False,,,,729
L005,2025-07-03 04:00:00,Telangana,urban,4,47,False,medium,0.228,17.258487,78.409001,monsoon,3,4,Night,Clear,False,393.0,31.3,False,,,,,,,,,False,,,,393
L005,2025-07-03 05:00:00,Telangana,urban,4,47,False,medium,0.228,17.258487,78.409001,monsoon,3,5,Dusk/Dawn,Rain,False,264.0,26.0,False,,,,,,,,,False,,,,264
L005,2025-07-03 06:00:00,Telangana,urban,4,47,False,medium,0.228,17.258487,78.409001,monsoon,3,6,Day,Clear,False,438.0,27.7,False,,,,,,,,,False,,,,438
L005,2025-07-03 07:00:00,Telangana,urban,4,47,False,medium,0.228,17.258487,78.409001,monsoon,3,7,Day,Rain,False,495.0,,False,,,,,,,,,False,,,,495
L005,2025-07-03 08:00:00,Telangana,urban,4,47,False,medium,0.228,17.258487,78.409001,monsoon,3,8,Day,Clear,True,1636.0,9.7,True,,,,,,,,,False,,,,1636
L005,2025-07-03 09:00:00,Telangana,urban,4,47,False,medium,0.228,17.258487,78.409001,monsoon,3,9,Day,Rain,True,757.0,,True,,,,,,,,,False,,,,757
L005,2025-07-03 10:00:00,Telangana,urban,4,47,False,medium,0.228,17.258487,78.409001,monsoon,3,10,Day,Clear,True,2804.0,5.0,True,,,,,,,,,False,,,,2804
L005,2025-07-03 11:00:00,Telangana,urban,4,47,False,medium,0.228,17.258487,78.409001,monsoon,3,11,Day,Rain,True,1890.0,5.0,True,,,,,,,,,False,,,,1890
L005,2025-07-03 12:00:00,Telangana,urban,4,47,False,medium,0.228,17.258487,78.409001,monsoon,3,12,Day,Rain,False,751.0,9.9,False,,,,,,,,,False,,,,751
L005,2025-07-03 13:00:00,Telangana,urban,4,47,False,medium,0.228,17.258487,78.409001,monsoon,3,13,Day,Clear,False,513.0,30.3,False,,,,,,,,,False,,,,513
L005,2025-07-03 14:00:00,Telangana,urban,4,47,False,medium,0.228,17.258487,78.409001,monsoon,3,14,Day,Rain,False,831.0,16.3,False,,,,,,,,,False,,,,831
L005,2025-07-03 15:00:00,Telangana,urban,4,47,False,medium,0.228,17.258487,78.409001,monsoon,3,15,Day,Rain,False,467.0,13.2,False,,,,,,,,,False,,,,467
L005,2025-07-03 16:00:00,Telangana,urban,4,47,False,medium,0.228,17.258487,78.409001,monsoon,3,16,Day,Rain,False,1071.0,7.4,False,,,,,,,,,False,,,,1071
L005,2025-07-03 17:00:00,Telangana,urban,4,47,False,medium,0.228,17.258487,78.409001,monsoon,3,17,Day,Thunderstorm,True,1444.0,20.5,True,,,,,,,,,False,,,,1444
L005,2025-07-03 18:00:00,Telangana,urban,4,47,False,medium,0.228,17.258487,78.409001,monsoon,3,18,Day,Rain,True,1181.0,,True,,,,,,,,,False,,,,1181
L005,2025-07-03 19:00:00,Telangana,urban,4,47,False,medium,0.228,17.258487,78.409001,monsoon,3,19,Dusk/Dawn,Clear,True,1000.0,23.9,True,,,,,,,,,False,,,,1000
L005,2025-07-03 20:00:00,Telangana,urban,4,47,False,medium,0.228,17.258487,78.409001,monsoon,3,20,Night,Clear,True,882.0,15.9,True,,,,,,,,,True,Minor,1.0,Unknown,882
L005,2025-07-03 21:00:00,Telangana,urban,4,47,False,medium,0.228,17.258487,78.409001,monsoon,3,21,Night,Clear,True,1063.0,16.5,True,,,,,,,,,False,,,,1063
L005,2025-07-03 22:00:00,Telangana,urban,4,47,False,medium,0.228,17.258487,78.409001,monsoon,3,22,Night,Rain,False,776.0,5.9,False,,,,,,,,,False,,,,776
L005,2025-07-03 23:00:00,Telangana,urban,4,47,False,medium,0.228,17.258487,78.409001,monsoon,3,23,Night,Clear,False,579.0,22.5,False,,,,,,,,,False,,,,579
L005,2025-07-04 00:00:00,Telangana,urban,4,47,False,medium,0.228,17.258487,78.409001,monsoon,4,0,Night,Rain,False,296.0,24.3,False,,,,,,,,,False,,,,296
L005,2025-07-04 01:00:00,Telangana,urban,4,47,False,medium,0.228,17.258487,78.409001,monsoon,4,1,Night,Rain,False,687.0,5.7,False,,,,,,,,,True,Minor,2.0,Weather-related,687
L005,2025-07-04 02:00:00,Telangana,urban,4,47,False,medium,0.228,17.258487,78.409001,monsoon,4,2,Night,Clear,False,541.0,31.0,False,,,,,,,,,False,,,,541
L005,2025-07-04 03:00:00,Telangana,urban,4,47,False,medium,0.228,17.258487,78.409001,monsoon,4,3,Night,Rain,False,763.0,20.1,False,,,,,,,,,False,,,,763
L005,2025-07-04 04:00:00,Telangana,urban,4,47,False,medium,0.228,17.258487,78.409001,monsoon,4,4,Night,Clear,False,394.0,25.4,False,,,,,,,,,False,,,,394
L005,2025-07-04 05:00:00,Telangana,urban,4,47,False,medium,0.228,17.258487,78.409001,monsoon,4,5,Dusk/Dawn,Clear,False,478.0,24.8,False,,,,,,,,,False,,,,478
L005,2025-07-04 06:00:00,Telangana,urban,4,47,False,medium,0.228,17.258487,78.409001,monsoon,4,6,Day,Rain,False,447.0,24.7,False,,,,,,,,,False,,,,447
L005,2025-07-04 07:00:00,Telangana,urban,4,47,False,medium,0.228,17.258487,78.409001,monsoon,4,7,Day,Rain,False,905.0,7.5,False,,,,,,,,,False,,,,905
L005,2025-07-04 08:00:00,Telangana,urban,4,47,False,medium,0.228,17.258487,78.409001,monsoon,4,8,Day,Rain,True,1355.0,13.3,True,,,,,,,,,False,,,,1355
L005,2025-07-04 09:00:00,Telangana,urban,4,47,False,medium,0.228,17.258487,78.409001,monsoon,4,9,Day,Rain,True,1064.0,9.7,True,,,,,,,,,False,,,,1064
L005,2025-07-04 10:00:00,Telangana,urban,4,47,False,medium,0.228,17.258487,78.409001,monsoon,4,10,Day,Clear,True,896.0,20.8,True,,,,,,,,,False,,,,896
L005,2025-07-04 11:00:00,Telangana,urban,4,47,False,medium,0.228,17.258487,78.409001,monsoon,4,11,Day,Rain,True,1920.0,5.0,True,,,,,,,,,False,,,,1920
L005,2025-07-04 12:00:00,Telangana,urban,4,47,False,medium,0.228,17.258487,78.409001,monsoon,4,12,Day,Rain,False,792.0,10.2,False,,,,,,,,,False,,,,792
L005,2025-07-04 13:00:00,Telangana,urban,4,47,False,medium,0.228,17.258487,78.409001,monsoon,4,13,Day,Rain,False,1201.0,9.9,False,,,,,,,,,False,,,,1201
L005,2025-07-04 14:00:00,Telangana,urban,4,47,False,medium,0.228,17.258487,78.409001,monsoon,4,14,Day,Clear,False,630.0,26.1,False,,,,,,,,,False,,,,630
L005,2025-07-04 15:00:00,Telangana,urban,4,47,False,medium,0.228,17.258487,78.409001,monsoon,4,15,Day,Rain,False,650.0,13.4,False,,,,,,,,,False,,,,650
L005,2025-07-04 16:00:00,Telangana,urban,4,47,False,medium,0.228,17.258487,78.409001,monsoon,4,16,Day,Rain,False,748.0,10.1,False,,,,,,,,,False,,,,748
L005,2025-07-04 17:00:00,Telangana,urban,4,47,False,medium,0.228,17.258487,78.409001,monsoon,4,17,Day,Clear,True,1968.0,14.6,True,,,,,,,,,False,,,,1968
L005,2025-07-04 18:00:00,Telangana,urban,4,47,False,medium,0.228,17.258487,78.409001,monsoon,4,18,Day,Thunderstorm,True,607.0,27.2,True,,,,,,,,,False,,,,607
L005,2025-07-04 19:00:00,Telangana,urban,4,47,False,medium,0.228,17.258487,78.409001,monsoon,4,19,Dusk/Dawn,Clear,True,1500.0,11.7,True,,,,,,,,,False,,,,1500
L005,2025-07-04 20:00:00,Telangana,urban,4,47,False,medium,0.228,17.258487,78.409001,monsoon,4,20,Night,Thunderstorm,True,1229.0,15.4,True,,,,,,,,,False,,,,1229
L005,2025-07-04 21:00:00,Telangana,urban,4,47,False,medium,0.228,17.258487,78.409001,monsoon,4,21,Night,Rain,True,828.0,14.2,True,,,,,,,,,False,,,,828
L005,2025-07-04 22:00:00,Telangana,urban,4,47,False,medium,0.228,17.258487,78.409001,monsoon,4,22,Night,Clear,False,771.0,27.2,False,,,,,,,,,False,,,,771
L005,2025-07-04 23:00:00,Telangana,urban,4,47,False,medium,0.228,17.258487,78.409001,monsoon,4,23,Night,Rain,False,796.0,11.9,False,,,,,,,,,False,,,,796
L005,2025-07-05 00:00:00,Telangana,urban,4,47,False,medium,0.228,17.258487,78.409001,monsoon,5,0,Night,Rain,False,294.0,20.2,False,,,,,,,,,False,,,,294
L005,2025-07-05 01:00:00,Telangana,urban,4,47,False,medium,0.228,17.258487,78.409001,monsoon,5,1,Night,Rain,False,293.0,27.6,False,,,,,,,,,False,,,,293
L005,2025-07-05 02:00:00,Telangana,urban,4,47,False,medium,0.228,17.258487,78.409001,monsoon,5,2,Night,Rain,False,463.0,13.8,False,,,,,,,,,True,Minor,1.0,Weather-related,463
L005,2025-07-05 03:00:00,Telangana,urban,4,47,False,medium,0.228,17.258487,78.409001,monsoon,5,3,Night,Rain,False,990.0,14.5,False,,,,,,,,,True,Minor,2.0,Weather-related,990
L005,2025-07-05 04:00:00,Telangana,urban,4,47,False,medium,0.228,17.258487,78.409001,monsoon,5,4,Night,Rain,False,293.0,,False,,,,,,,,,False,,,,293
L005,2025-07-05 05:00:00,Telangana,urban,4,47,False,medium,0.228,17.258487,78.409001,monsoon,5,5,Dusk/Dawn,Rain,False,280.0,34.7,False,,,,,,,,,False,,,,280
L005,2025-07-05 06:00:00,Telangana,urban,4,47,False,medium,0.228,17.258487,78.409001,monsoon,5,6,Day,Clear,False,458.0,27.0,False,,,,,,,,,False,,,,458
L005,2025-07-05 07:00:00,Telangana,urban,4,47,False,medium,0.228,17.258487,78.409001,monsoon,5,7,Day,Rain,False,783.0,15.5,False,,,,,,,,,False,,,,783
L005,2025-07-05 08:00:00,Telangana,urban,4,47,False,medium,0.228,17.258487,78.409001,monsoon,5,8,Day,Thunderstorm,False,331.0,34.8,False,,,,,,,,,False,,,,331
L005,2025-07-05 09:00:00,Telangana,urban,4,47,False,medium,0.228,17.258487,78.409001,monsoon,5,9,Day,Clear,True,2900.0,5.0,True,,,,,,,,,False,,,,2900
L005,2025-07-05 10:00:00,Telangana,urban,4,47,False,medium,0.228,17.258487,78.409001,monsoon,5,10,Day,Thunderstorm,True,959.0,17.8,True,,,,,,,,,False,,,,959
L005,2025-07-05 11:00:00,Telangana,urban,4,47,False,medium,0.228,17.258487,78.409001,monsoon,5,11,Day,Rain,False,839.0,19.5,False,,,,,,,,,False,,,,839
L005,2025-07-05 12:00:00,Telangana,urban,4,47,False,medium,0.228,17.258487,78.409001,monsoon,5,12,Day,Thunderstorm,False,410.0,30.9,False,,,,,,,,,False,,,,410
L005,2025-07-05 13:00:00,Telangana,urban,4,47,False,medium,0.228,17.258487,78.409001,monsoon,5,13,Day,Clear,False,367.0,22.6,False,,,,,,,,,False,,,,367
L005,2025-07-05 14:00:00,Telangana,urban,4,47,False,medium,0.228,17.258487,78.409001,monsoon,5,14,Day,Rain,False,494.0,25.9,False,,,,,,,,,False,,,,494
L005,2025-07-05 15:00:00,Telangana,urban,4,47,False,medium,0.228,17.258487,78.409001,monsoon,5,15,Day,Clear,False,355.0,32.2,False,,,,,,,,,False,,,,355
L005,2025-07-05 16:00:00,Telangana,urban,4,47,False,medium,0.228,17.258487,78.409001,monsoon,5,16,Day,Thunderstorm,False,374.0,29.8,False,,,,,,,,,False,,,,374
L005,2025-07-05 17:00:00,Telangana,urban,4,47,False,medium,0.228,17.258487,78.409001,monsoon,5,17,Day,Thunderstorm,True,1365.0,16.1,True,,,,,,,,,False,,,,1365
L005,2025-07-05 18:00:00,Telangana,urban,4,47,False,medium,0.228,17.258487,78.409001,monsoon,5,18,Day,Rain,True,1204.0,6.4,True,,,,,,,,,False,,,,1204
L005,2025-07-05 19:00:00,Telangana,urban,4,47,False,medium,0.228,17.258487,78.409001,monsoon,5,19,Dusk/Dawn,Clear,True,2421.0,6.1,True,,,,,,,,,False,,,,2421
L005,2025-07-05 20:00:00,Telangana,urban,4,47,False,medium,0.228,17.258487,78.409001,monsoon,5,20,Night,Clear,True,871.0,25.7,True,,,,,,,,,False,,,,871
L005,2025-07-05 21:00:00,Telangana,urban,4,47,False,medium,0.228,17.258487,78.409001,monsoon,5,21,Night,Clear,True,2077.0,,True,,,,,,,,,False,,,,2077
L005,2025-07-05 22:00:00,Telangana,urban,4,47,False,medium,0.228,17.258487,78.409001,monsoon,5,22,Night,Clear,False,908.0,18.1,False,,,,,,,,,False,,,,908