location_id,timestamp,state,road_type,lane_count,speed_limit_kmph,has_signal,enforcement_level,blackspot_score,latitude,longitude,season,day_of_week,hour_of_day,lighting,weather,is_peak,vehicle_count_per_hr,avg_speed_kmph,peak,traffic_data_quality_flag,signal_status,green_duration_s,red_duration_s,yellow_duration_s,cycle_time_s,violations_count,signal_data_quality_flag,accident_occurred,severity,vehicles_involved,cause,veh_count_at_accident
L005,2025-07-05 23:00:00,Telangana,urban,4,47,False,medium,0.228,17.258487,78.409001,monsoon,5,23,Night,Clear,False,967.0,16.9,False,,,,,,,,,False,,,,967
L005,2025-07-06 00:00:00,Telangana,urban,4,47,False,medium,0.228,17.258487,78.409001,monsoon,6,0,Night,Rain,False,978.0,16.0,False,,,,,,,,,True,Minor,2.0,Weather-related,978
L005,2025-07-06 01:00:00,Telangana,urban,4,47,False,medium,0.228,17.258487,78.409001,monsoon,6,1,Night,Clear,False,1003.0,15.0,False,,,,,,,,,False,,,,1003
L005,2025-07-06 02:00:00,Telangana,urban,4,47,False,medium,0.228,17.258487,78.409001,monsoon,6,2,Night,Rain,False,581.0,17.2,False,,,,,,,,,False,,,,581
L005,2025-07-06 03:00:00,Telangana,urban,4,47,False,medium,0.228,17.258487,78.409001,monsoon,6,3,Night,Clear,False,1193.0,12.7,False,,,,,,,,,False,,,,1193
L005,2025-07-06 04:00:00,Telangana,urban,4,47,False,medium,0.228,17.258487,78.409001,monsoon,6,4,Night,Clear,False,446.0,29.9,False,,,,,,,,,False,,,,446
L005,2025-07-06 05:00:00,Telangana,urban,4,47,False,medium,0.228,17.258487,78.409001,monsoon,6,5,Dusk/Dawn,Rain,False,1041.0,5.9,False,,,,,,,,,False,,,,1041
L005,2025-07-06 06:00:00,Telangana,urban,4,47,False,medium,0.228,17.258487,78.409001,monsoon,6,6,Day,Rain,False,379.0,31.2,False,,,,,,,,,False,,,,379
L005,2025-07-06 07:00:00,Telangana,urban,4,47,False,medium,0.228,17.258487,78.409001,monsoon,6,7,Day,Clear,False,939.0,27.3,False,,,,,,,,,False,,,,939
L005,2025-07-06 08:00:00,Telangana,urban,4,47,False,medium,0.228,17.258487,78.409001,monsoon,6,8,Day,Rain,True,734.0,13.8,True,,,,,,,,,False,,,,734
L005,2025-07-06 09:00:00,Telangana,urban,4,47,False,medium,0.228,17.258487,78.409001,monsoon,6,9,Day,Clear,True,1927.0,13.5,True,,,,,,,,,False,,,,1927
L005,2025-07-06 10:00:00,Telangana,urban,4,47,False,medium,0.228,17.258487,78.409001,monsoon,6,10,Day,Rain,False,730.0,26.0,False,,,,,,,,,False,,,,730
L005,2025-07-06 11:00:00,Telangana,urban,4,47,False,medium,0.228,17.258487,78.409001,monsoon,6,11,Day,Rain,False,748.0,21.8,False,,,,,,,,,False,,,,748
L005,2025-07-06 12:00:00,Telangana,urban,4,47,False,medium,0.228,17.258487,78.409001,monsoon,6,12,,Rain,False,561.0,21.0,False,,,,,,,,,False,,,,561
L005,2025-07-06 13:00:00,Telangana,urban,4,47,False,medium,0.228,17.258487,78.409001,monsoon,6,13,Day,Thunderstorm,False,292.0,26.9,False,,,,,,,,,False,,,,292
L005,2025-07-06 14:00:00,Telangana,urban,4,47,False,medium,0.228,17.258487,78.409001,monsoon,6,14,Day,Rain,False,352.0,23.4,False,,,,,,,,,False,,,,352
L005,2025-07-06 15:00:00,Telangana,urban,4,47,False,medium,0.228,17.258487,78.409001,monsoon,6,15,Day,Thunderstorm,False,454.0,27.3,False,,,,,,,,,False,,,,454
L005,2025-07-06 16:00:00,Telangana,urban,4,47,False,medium,0.228,17.258487,78.409001,monsoon,6,16,Day,Rain,False,740.0,16.4,False,,,,,,,,,False,,,,740
L005,2025-07-06 17:00:00,Telangana,urban,4,47,False,medium,0.228,17.258487,78.409001,monsoon,6,17,Day,Rain,True,1798.0,5.0,True,,,,,,,,,False,,,,1798
L005,2025-07-06 18:00:00,Telangana,urban,4,47,False,medium,0.228,17.258487,78.409001,monsoon,6,18,Day,Rain,True,1360.0,,True,,,,,,,,,False,,,,1360
L005,2025-07-06 19:00:00,Telangana,urban,4,47,False,medium,0.228,17.258487,78.409001,monsoon,6,19,Dusk/Dawn,Thunderstorm,True,1101.0,18.7,True,,,,,,,,,False,,,,1101
L005,2025-07-06 20:00:00,Telangana,urban,4,47,False,medium,0.228,17.258487,78.409001,monsoon,6,20,Night,Rain,True,3135.0,5.0,True,,,,,,,,,False,,,,3135
L005,2025-07-06 21:00:00,Telangana,urban,4,47,False,medium,0.228,17.258487,78.409001,monsoon,6,21,Night,Rain,True,1095.0,5.0,True,,,,,,,,,False,,,,1095
L005,2025-07-06 22:00:00,Telangana,urban,4,47,False,medium,0.228,17.258487,78.409001,monsoon,6,22,Night,Clear,False,769.0,16.6,False,,,,,,,,,False,,,,769
L005,2025-07-06 23:00:00,Telangana,urban,4,47,False,medium,0.228,17.258487,78.409001,monsoon,6,23,Night,Clear,False,817.0,14.8,False,,,,,,,,,True,Minor,1.0,Unknown,817
L005,2025-07-07 00:00:00,Telangana,urban,4,47,False,medium,0.228,17.258487,78.409001,monsoon,0,0,Night,Rain,False,636.0,20.2,False,,,,,,,,,False,,,,636
L005,2025-07-07 01:00:00,Telangana,urban,4,47,False,medium,0.228,17.258487,78.409001,monsoon,0,1,Night,Clear,False,790.0,20.2,False,,,,,,,,,False,,,,790
L005,2025-07-07 02:00:00,Telangana,urban,4,47,False,medium,0.228,17.258487,78.409001,monsoon,0,2,Night,Clear,False,671.0,20.4,False,,,,,,,,,False,,,,671
L005,2025-07-07 03:00:00,Telangana,urban,4,47,False,medium,0.228,17.258487,78.409001,monsoon,0,3,Night,Clear,False,497.0,32.4,False,,,,,,,,,False,,,,497
L005,2025-07-07 04:00:00,Telangana,urban,4,47,False,medium,0.228,17.258487,78.409001,monsoon,0,4,Night,Clear,False,997.0,21.3,False,,,,,,,,,False,,,,997
L005,2025-07-07 05:00:00,Telangana,urban,4,47,False,medium,0.228,17.258487,78.409001,monsoon,0,5,Dusk/Dawn,Clear,False,631.0,22.2,False,,,,,,,,,False,,,,631
L005,2025-07-07 06:00:00,Telangana,urban,4,47,False,medium,0.228,17.258487,78.409001,monsoon,0,6,Day,Thunderstorm,False,829.0,20.2,False,,,,,,,,,False,,,,829
L005,2025-07-07 07:00:00,Telangana,urban,4,47,False,medium,0.228,17.258487,78.409001,monsoon,0,7,Day,Rain,False,347.0,27.7,False,,,,,,,,,False,,,,347
L005,2025-07-07 08:00:00,Telangana,urban,4,47,False,medium,0.228,17.258487,78.409001,monsoon,0,8,Day,Rain,True,826.0,,True,,,,,,,,,False,,,,826
L005,2025-07-07 09:00:00,Telangana,urban,4,47,False,medium,0.228,17.258487,78.409001,monsoon,0,9,Day,Rain,True,2066.0,5.0,True,,,,,,,,,False,,,,2066
L005,2025-07-07 10:00:00,Telangana,urban,4,47,False,medium,0.228,17.258487,78.409001,monsoon,0,10,Day,Clear,True,888.0,23.8,True,,,,,,,,,False,,,,888
L005,2025-07-07 11:00:00,Telangana,urban,4,47,False,medium,0.228,17.258487,78.409001,monsoon,0,11,Day,Thunderstorm,True,835.0,17.4,True,,,,,,,,,False,,,,835
L005,2025-07-07 12:00:00,Telangana,urban,4,47,False,medium,0.228,17.258487,78.409001,monsoon,0,12,Day,Rain,False,808.0,9.8,False,,,,,,,,,False,,,,808
L005,2025-07-07 13:00:00,Telangana,urban,4,47,False,medium,0.228,17.258487,78.409001,monsoon,0,13,Day,Clear,False,698.0,25.3,False,,,,,,,,,False,,,,698
L005,2025-07-07 14:00:00,Telangana,urban,4,47,False,medium,0.228,17.258487,78.409001,monsoon,0,14,Day,Rain,False,285.0,,False,,,,,,,,,False,,,,285
L005,2025-07-07 15:00:00,Telangana,urban,4,47,False,medium,0.228,17.258487,78.409001,monsoon,0,15,Day,Rain,False,487.0,28.2,False,,,,,,,,,False,,,,487
L005,2025-07-07 16:00:00,Telangana,urban,4,47,False,medium,0.228,17.258487,78.409001,monsoon,0,16,Day,Thunderstorm,False,409.0,26.3,False,,,,,,,,,False,,,,409
L005,2025-07-07 17:00:00,Telangana,urban,4,47,False,medium,0.228,17.258487,78.409001,monsoon,0,17,Day,Rain,True,521.0,21.6,True,,,,,,,,,False,,,,521
L005,2025-07-07 18:00:00,Telangana,urban,4,47,False,medium,0.228,17.258487,78.409001,monsoon,0,18,Day,Rain,True,1289.0,9.9,True,,,,,,,,,False,,,,1289
L005,2025-07-07 19:00:00,Telangana,urban,4,47,False,medium,0.228,17.258487,78.409001,monsoon,0,19,Dusk/Dawn,Clear,True,1740.0,6.9,True,,,,,,,,,False,,,,1740
L005,2025-07-07 20:00:00,Telangana,urban,4,47,False,medium,0.228,17.258487,78.409001,monsoon,0,20,Night,Thunderstorm,True,1378.0,9.8,True,,,,,,,,,False,,,,1378
L005,2025-07-07 21:00:00,Telangana,urban,4,47,False,medium,0.228,17.258487,78.409001,monsoon,0,21,Night,Clear,True,1093.0,22.1,True,,,,,,,,,False,,,,1093
L005,2025-07-07 22:00:00,Telangana,urban,4,47,False,medium,0.228,17.258487,78.409001,monsoon,0,22,Night,Thunderstorm,False,274.0,28.6,False,,,,,,,,,False,,,,274
L005,2025-07-07 23:00:00,Telangana,urban,4,47,False,medium,0.228,17.258487,78.409001,monsoon,0,23,Night,Rain,False,233.0,34.3,False,,,,,,,,,False,,,,233
L006,2025-07-01 00:00:00,Telangana,urban,2,51,True,low,0.247,17.484343,78.522168,monsoon,1,0,Night,Rain,False,196.0,,False,,Working,57.0,35.0,3.0,95.0,5.0,,False,,,,196
L006,2025-07-01 01:00:00,Telangana,urban,2,51,True,low,0.247,17.484343,78.522168,monsoon,1,1,Night,Rain,False,498.0,10.7,False,,Working,47.0,51.0,9.0,107.0,1.0,,False,,,,498
L006,2025-07-01 02:00:00,Telangana,urban,2,51,True,low,0.247,17.484343,78.522168,monsoon,1,2,Night,Clear,False,611.0,23.2,False,,Working,25.0,77.0,5.0,107.0,0.0,,False,,,,611
L006,2025-07-01 03:00:00,Telangana,urban,2,51,True,low,0.247,17.484343,78.522168,monsoon,1,3,Night,Clear,False,536.0,16.0,False,,Working,74.0,95.0,8.0,177.0,1.0,,False,,,,536
L006,2025-07-01 04:00:00,Telangana,urban,2,51,True,low,0.247,17.484343,78.522168,monsoon,1,4,Night,Clear,False,435.0,21.0,False,,Working,87.0,58.0,6.0,151.0,1.0,,False,,,,435
L006,2025-07-01 05:00:00,Telangana,urban,2,51,True,low,0.247,17.484343,78.522168,monsoon,1,5,Dusk/Dawn,Clear,False,713.0,13.8,False,,Working,45.0,63.0,4.0,112.0,0.0,,False,,,,713
L006,2025-07-01 06:00:00,Telangana,urban,2,51,True,low,0.247,17.484343,78.522168,monsoon,1,6,Day,Rain,False,308.0,21.1,False,,Working,71.0,105.0,6.0,182.0,0.0,,False,,,,308
L006,2025-07-01 07:00:00,Telangana,urban,2,51,True,low,0.247,17.484343,78.522168,monsoon,1,7,Day,Rain,False,778.0,7.4,False,,Working,85.0,66.0,6.0,157.0,1.0,,False,,,,778
L006,2025-07-01 08:00:00,Telangana,urban,2,51,True,low,0.247,17.484343,78.522168,monsoon,1,8,Day,Clear,True,682.0,15.5,True,,Working,36.0,45.0,6.0,87.0,0.0,,True,Major,6.0,Unknown,682
L006,2025-07-01 09:00:00,Telangana,urban,2,51,True,low,0.247,17.484343,78.522168,monsoon,1,9,Day,Thunderstorm,True,460.0,17.6,True,,Working,88.0,58.0,6.0,152.0,0.0,,False,,,,460
L006,2025-07-01 10:00:00,Telangana,urban,2,51,True,low,0.247,17.484343,78.522168,monsoon,1,10,Day,Rain,True,1102.0,14.7,True,,Working,55.0,112.0,3.0,170.0,1.0,,False,,,,1102
L006,2025-07-01 11:00:00,Telangana,urban,2,51,True,low,0.247,17.484343,78.522168,monsoon,1,11,Day,Thunderstorm,True,696.0,13.4,True,,Working,62.0,32.0,4.0,98.0,0.0,,False,,,,696
L006,2025-07-01 12:00:00,Telangana,urban,2,51,True,low,0.247,17.484343,78.522168,monsoon,1,12,Day,Thunderstorm,False,274.0,30.3,False,,Working,31.0,64.0,6.0,101.0,1.0,,False,,,,274
L006,2025-07-01 13:00:00,Telangana,urban,2,51,True,low,0.247,17.484343,78.522168,monsoon,1,13,Day,Clear,False,520.0,24.2,False,,Working,84.0,53.0,7.0,144.0,1.0,,False,,,,520
L006,2025-07-01 14:00:00,Telangana,urban,2,51,True,low,0.247,17.484343,78.522168,monsoon,1,14,Day,Rain,False,512.0,15.8,False,,Working,77.0,93.0,6.0,176.0,0.0,,False,,,,512
L006,2025-07-01 15:00:00,Telangana,urban,2,51,True,low,0.247,17.484343,78.522168,monsoon,1,15,Day,Rain,False,515.0,14.3,False,,Working,28.0,101.0,3.0,132.0,3.0,,False,,,,515
L006,2025-07-01 16:00:00,Telangana,urban,2,51,True,low,0.247,17.484343,78.522168,monsoon,1,16,Day,Rain,False,602.0,16.3,False,,Working,45.0,53.0,6.0,104.0,2.0,,False,,,,602
L006,2025-07-01 17:00:00,Telangana,urban,2,51,True,low,0.247,17.484343,78.522168,monsoon,1,17,Day,Clear,True,1134.0,15.1,True,,Blinking,,,,,,,False,,,,1134
L006,2025-07-01 18:00:00,Telangana,urban,2,51,True,low,0.247,17.484343,78.522168,monsoon,1,18,Day,Rain,True,1267.0,9.4,True,,Working,25.0,41.0,5.0,71.0,2.0,,False,,,,1267
L006,2025-07-01 19:00:00,Telangana,urban,2,51,True,low,0.247,17.484343,78.522168,monsoon,1,19,Dusk/Dawn,Clear,True,1390.0,5.4,True,,Working,51.0,82.0,6.0,139.0,3.0,,False,,,,1390
L006,2025-07-01 20:00:00,Telangana,urban,2,51,True,low,0.247,17.484343,78.522168,monsoon,1,20,Night,Clear,True,768.0,15.8,True,,Working,0.0,56.0,6.0,118.0,1.0,sig_glitch,False,,,,768
L006,2025-07-01 21:00:00,Telangana,urban,2,51,True,low,0.247,17.484343,78.522168,monsoon,1,21,Night,Rain,True,511.0,20.9,True,,Working,67.0,32.0,9.0,108.0,0.0,,False,,,,511
L006,2025-07-01 22:00:00,Telangana,urban,2,51,True,low,0.247,17.484343,78.522168,monsoon,1,22,Night,Rain,False,694.0,14.6,False,,Working,72.0,103.0,9.0,184.0,1.0,,False,,,,694
L006,2025-07-01 23:00:00,Telangana,urban,2,51,True,low,0.247,17.484343,78.522168,monsoon,1,23,Night,Rain,False,203.0,20.9,False,,Working,42.0,89.0,9.0,140.0,0.0,,False,,,,203
L006,2025-07-02 00:00:00,Telangana,urban,2,51,True,low,0.247,17.484343,78.522168,monsoon,2,0,Night,Clear,False,313.0,29.0,False,,Working,35.0,85.0,4.0,124.0,0.0,,False,,,,313
L006,2025-07-02 01:00:00,Telangana,urban,2,51,True,low,0.247,17.484343,78.522168,monsoon,2,1,Night,Rain,False,516.0,13.4,False,,Working,41.0,114.0,9.0,164.0,0.0,,False,,,,516
L006,2025-07-02 02:00:00,Telangana,urban,2,51,True,low,0.247,17.484343,78.522168,monsoon,2,2,Night,Clear,False,509.0,23.2,False,,Working,51.0,116.0,10.0,177.0,0.0,,False,,,,509
L006,2025-07-02 03:00:00,Telangana,urban,2,51,True,low,0.247,17.484343,78.522168,monsoon,2,3,Night,Clear,False,323.0,24.8,False,,Working,73.0,70.0,6.0,149.0,4.0,,False,,,,323
L006,2025-07-02 04:00:00,Telangana,urban,2,51,True,low,0.247,17.484343,78.522168,monsoon,2,4,Night,Rain,False,787.0,25.0,False,,Off,,,,,,,False,,,,787
L006,2025-07-02 05:00:00,Telangana,urban,2,51,True,low,0.247,17.484343,78.522168,monsoon,2,5,Dusk/Dawn,Thunderstorm,False,242.0,28.2,False,,Working,84.0,40.0,3.0,127.0,1.0,,False,,,,242
L006,2025-07-02 06:00:00,Telangana,urban,2,51,True,low,0.247,17.484343,78.522168,monsoon,2,6,Day,Rain,False,579.0,19.0,False,,Working,29.0,112.0,7.0,148.0,1.0,,False,,,,579
L006,2025-07-02 07:00:00,Telangana,urban,2,51,True,low,0.247,17.484343,78.522168,monsoon,2,7,Day,Rain,False,746.0,,False,,Working,74.0,76.0,7.0,157.0,1.0,,False,,,,746
L006,2025-07-02 08:00:00,Telangana,urban,2,51,True,low,0.247,17.484343,78.522168,monsoon,2,8,Day,Rain,True,773.0,6.6,True,,Working,30.0,51.0,3.0,84.0,1.0,,False,,,,773
L006,2025-07-02 09:00:00,Telangana,urban,2,51,True,low,0.247,17.484343,78.522168,monsoon,2,9,Day,Rain,True,1397.0,5.0,True,,Working,73.0,59.0,3.0,135.0,2.0,,False,,,,1397
L006,2025-07-02 10:00:00,Telangana,urban,2,51,True,low,0.247,17.484343,78.522168,monsoon,2,10,Day,Clear,True,1028.0,12.8,True,,Working,74.0,65.0,6.0,145.0,0.0,,False,,,,1028
L006,2025-07-02 11:00:00,Telangana,urban,2,51,True,low,0.247,17.484343,78.522168,monsoon,2,11,Day,Rain,True,1103.0,12.1,True,,Working,69.0,115.0,6.0,190.0,2.0,,False,,,,1103
L006,2025-07-02 12:00:00,Telangana,urban,2,51,True,low,0.247,17.484343,78.522168,monsoon,2,12,Day,Rain,False,642.0,5.0,False,,Working,83.0,55.0,5.0,143.0,3.0,,False,,,,642
L006,2025-07-02 13:00:00,Telangana,urban,2,51,True,low,0.247,17.484343,78.522168,monsoon,2,13,Day,Clear,False,475.0,24.6,False,,Working,36.0,64.0,6.0,106.0,0.0,,False,,,,475
L006,2025-07-02 14:00:00,Telangana,urban,2,51,True,low,0.247,17.484343,78.522168,monsoon,2,14,Day,Rain,False,361.0,19.9,False,,Working,67.0,94.0,7.0,168.0,0.0,,False,,,,361
L006,2025-07-02 15:00:00,Telangana,urban,2,51,True,low,0.247,17.484343,78.522168,monsoon,2,15,Day,Rain,False,665.0,15.0,False,,Working,59.0,61.0,5.0,125.0,1.0,,False,,,,665
L006,2025-07-02 16:00:00,Telangana,urban,2,51,True,low,0.247,17.484343,78.522168,monsoon,2,16,Day,Clear,False,814.0,13.0,False,,Working,82.0,83.0,4.0,169.0,1.0,,False,,,,814
L006,2025-07-02 17:00:00,Telangana,urban,2,51,True,low,0.247,17.484343,78.522168,monsoon,2,17,Day,Clear,True,460.0,18.2,True,,Working,55.0,90.0,4.0,149.0,2.0,,False,,,,460
L006,2025-07-02 18:00:00,Telangana,urban,2,51,True,low,0.247,17.484343,78.522168,monsoon,2,18,Day,Rain,True,460.0,26.7,True,,Working,87.0,80.0,6.0,173.0,2.0,,True,Minor,8.0,Signal skip,460
L006,2025-07-02 19:00:00,Telangana,urban,2,51,True,low,0.247,17.484343,78.522168,monsoon,2,19,Dusk/Dawn,Clear,True,818.0,21.2,True,,Working,27.0,66.0,6.0,99.0,0.0,,False,,,,818
L006,2025-07-02 20:00:00,Telangana,urban,2,51,True,low,0.247,17.484343,78.522168,monsoon,2,20,Night,Rain,True,691.0,,True,,Working,66.0,30.0,9.0,105.0,2.0,,False,,,,691
L006,2025-07-02 21:00:00,Telangana,urban,2,51,True,low,0.247,17.484343,78.522168,monsoon,2,21,Night,Rain,True,971.0,11.0,True,,Working,62.0,76.0,9.0,147.0,1.0,,False,,,,971
L006,2025-07-02 22:00:00,Telangana,urban,2,51,True,low,0.247,17.484343,78.522168,monsoon,2,22,Night,Rain,False,267.0,20.4,False,,Working,44.0,73.0,10.0,127.0,2.0,,True,Minor,1.0,Signal skip,267
L006,2025-07-02 23:00:00,Telangana,urban,2,51,True,low,0.247,17.484343,78.522168,monsoon,2,23,Night,Rain,False,340.0,22.3,False,,Working,41.0,99.0,4.0,144.0,1.0,,False,,,,340
L006,2025-07-03 00:00:00,Telangana,urban,2,51,True,low,0.247,17.484343,78.522168,monsoon,3,0,Night,Rain,False,414.0,20.0,False,,Working,72.0,63.0,7.0,142.0,2.0,,False,,,,414
L006,2025-07-03 01:00:00,Telangana,urban,2,51,True,low,0.247,17.484343,78.522168,monsoon,3,1,Night,Clear,False,667.0,19.9,False,,Working,36.0,69.0,6.0,111.0,0.0,,False,,,,667
L006,2025-07-03 02:00:00,Telangana,urban,2,51,True,low,0.247,17.484343,78.522168,monsoon,3,2,Night,Rain,False,451.0,,False,,Blinking,,,,,,,False,,,,451
L006,2025-07-03 03:00:00,Telangana,urban,2,51,True,low,0.247,17.484343,78.522168,monsoon,3,3,Night,Rain,False,463.0,15.8,False,,Working,83.0,100.0,6.0,189.0,1.0,,False,,,,463
L006,2025-07-03 04:00:00,Telangana,urban,2,51,True,low,0.247,17.484343,78.522168,monsoon,3,4,Night,Clear,False,308.0,22.7,False,,Working,69.0,99.0,8.0,176.0,1.0,,False,,,,308
L006,2025-07-03 05:00:00,Telangana,urban,2,51,True,low,0.247,17.484343,78.522168,monsoon,3,5,Dusk/Dawn,Rain,False,544.0,,False,,Working,26.0,111.0,5.0,142.0,1.0,,False,,,,544
L006,2025-07-03 06:00:00,Telangana,urban,2,51,True,low,0.247,17.484343,78.522168,monsoon,3,6,Day,Rain,False,474.0,26.0,False,,Working,72.0,48.0,3.0,123.0,1.0,,False,,,,474
L006,2025-07-03 07:00:00,Telangana,urban,2,51,True,low,0.247,17.484343,78.522168,monsoon,3,7,Day,Rain,False,668.0,19.7,False,,Off,,,,,,,False,,,,668
L006,2025-07-03 08:00:00,Telangana,urban,2,51,True,low,0.247,17.484343,78.522168,monsoon,3,8,Day,Rain,True,955.0,15.8,True,,Working,34.0,84.0,6.0,124.0,1.0,,False,,,,955
L006,2025-07-03 09:00:00,Telangana,urban,2,51,True,low,0.247,17.484343,78.522168,monsoon,3,9,Day,Rain,True,767.0,21.1,True,,Working,85.0,120.0,3.0,208.0,2.0,,False,,,,767
L006,2025-07-03 10:00:00,Telangana,urban,2,51,True,low,0.247,17.484343,78.522168,monsoon,3,10,Day,Rain,True,1043.0,5.2,True,,Working,72.0,115.0,3.0,190.0,1.0,,False,,,,1043
L006,2025-07-03 11:00:00,Telangana,urban,2,51,True,low,0.247,17.484343,78.522168,monsoon,3,11,Day,Rain,True,435.0,15.0,True,,Blinking,,,,,,,False,,,,435
L006,2025-07-03 12:00:00,Telangana,urban,2,51,True,low,0.247,17.484343,78.522168,monsoon,3,12,Day,Rain,False,529.0,13.4,False,,Working,53.0,45.0,5.0,103.0,1.0,,False,,,,529
L006,2025-07-03 13:00:00,Telangana,urban,2,51,True,low,0.247,17.484343,78.522168,monsoon,3,13,Day,Rain,False,461.0,15.5,False,,Working,54.0,96.0,3.0,153.0,2.0,,False,,,,461
L006,2025-07-03 14:00:00,Telangana,urban,2,51,True,low,0.247,17.484343,78.522168,monsoon,3,14,Day,Rain,False,712.0,5.0,False,,Off,,,,,,,False,,,,712
L006,2025-07-03 15:00:00,Telangana,urban,2,51,True,low,0.247,17.484343,78.522168,monsoon,3,15,Day,Rain,False,232.0,,False,,Off,,,,,,,False,,,,232
L006,2025-07-03 16:00:00,Telangana,urban,2,51,True,low,0.247,17.484343,78.522168,monsoon,3,16,Day,Clear,False,564.0,26.5,False,,Working,68.0,110.0,3.0,181.0,1.0,,False,,,,564
L006,2025-07-03 17:00:00,Telangana,urban,2,51,True,low,0.247,17.484343,78.522168,monsoon,3,17,Day,Rain,True,1116.0,5.0,True,,Off,,,,,,,True,Minor,5.0,Rear-end / Following too close,1116
L006,2025-07-03 18:00:00,Telangana,urban,2,51,True,low,0.247,17.484343,78.522168,monsoon,3,18,Day,Rain,True,2223.0,5.0,True,,Working,27.0,52.0,4.0,83.0,0.0,,False,,,,2223
L006,2025-07-03 19:00:00,Telangana,urban,2,51,True,low,0.247,17.484343,78.522168,monsoon,3,19,Dusk/Dawn,Clear,True,869.0,20.5,True,,Working,43.0,96.0,4.0,143.0,0.0,,False,,,,869
L006,2025-07-03 20:00:00,Telangana,urban,2,51,True,low,0.247,17.484343,78.522168,monsoon,3,20,Night,Rain,True,686.0,7.2,True,,Working,51.0,116.0,4.0,171.0,2.0,,False,,,,686
L006,2025-07-03 21:00:00,Telangana,urban,2,51,True,low,0.247,17.484343,78.522168,monsoon,3,21,Night,Clear,True,1056.0,20.1,True,,Working,35.0,68.0,5.0,108.0,2.0,,True,Minor,4.0,Signal skip,1056
L006,2025-07-03 22:00:00,Telangana,urban,2,51,True,low,0.247,17.484343,78.522168,monsoon,3,22,Night,Clear,False,397.0,16.5,False,,Working,60.0,97.0,10.0,167.0,2.0,,False,,,,397
L006,2025-07-03 23:00:00,Telangana,urban,2,51,True,low,0.247,17.484343,78.522168,monsoon,3,23,Night,Rain,False,297.0,,False,,Working,48.0,59.0,6.0,113.0,0.0,,False,,,,297
L006,2025-07-04 00:00:00,Telangana,urban,2,51,True,low,0.247,17.484343,78.522168,monsoon,4,0,Night,Clear,False,462.0,17.0,False,,Working,66.0,64.0,9.0,139.0,1.0,,False,,,,462
L006,2025-07-04 01:00:00,Telangana,urban,2,51,True,low,0.247,17.484343,78.522168,monsoon,4,1,Night,Rain,False,517.0,13.2,False,,Working,78.0,58.0,4.0,140.0,1.0,,False,,,,517
L006,2025-07-04 02:00:00,Telangana,urban,2,51,True,low,0.247,17.484343,78.522168,monsoon,4,2,Night,Rain,False,362.0,22.1,False,,Working,45.0,32.0,10.0,87.0,1.0,,False,,,,362
L006,2025-07-04 03:00:00,Telangana,urban,2,51,True,low,0.247,17.484343,78.522168,monsoon,4,3,Night,Rain,False,584.0,19.7,False,,Working,37.0,120.0,4.0,161.0,1.0,,False,,,,584
L006,2025-07-04 04:00:00,Telangana,urban,2,51,True,low,0.247,17.484343,78.522168,monsoon,4,4,Night,Clear,False,385.0,,False,,Working,89.0,81.0,7.0,177.0,1.0,,False,,,,385
L006,2025-07-04 05:00:00,Telangana,urban,2,51,True,low,0.247,17.484343,78.522168,monsoon,4,5,Dusk/Dawn,Clear,False,605.0,26.9,False,,Working,50.0,50.0,3.0,103.0,1.0,,False,,,,605
L006,2025-07-04 06:00:00,Telangana,urban,2,51,True,low,0.247,17.484343,78.522168,monsoon,4,6,Day,Rain,False,390.0,14.7,False,,Working,66.0,61.0,4.0,131.0,1.0,,False,,,,390
L006,2025-07-04 07:00:00,Telangana,urban,2,51,True,low,0.247,17.484343,78.522168,monsoon,4,7,Day,Thunderstorm,False,467.0,19.1,False,,Working,34.0,71.0,3.0,108.0,1.0,,False,,,,467
L006,2025-07-04 08:00:00,Telangana,urban,2,51,True,low,0.247,17.484343,78.522168,monsoon,4,8,Day,Rain,True,1059.0,13.2,True,,Working,54.0,66.0,6.0,126.0,0.0,,False,,,,1059
L006,2025-07-04 09:00:00,Telangana,urban,2,51,True,low,0.247,17.484343,78.522168,monsoon,4,9,,Clear,True,945.0,16.7,True,,Working,82.0,38.0,7.0,127.0,1.0,,False,,,,945
L006,2025-07-04 10:00:00,Telangana,urban,2,51,True,low,0.247,17.484343,78.522168,monsoon,4,10,Day,Rain,True,1811.0,5.0,True,,Working,87.0,66.0,6.0,159.0,1.0,,False,,,,1811
L006,2025-07-04 11:00:00,Telangana,urban,2,51,True,low,0.247,17.484343,78.522168,monsoon,4,11,Day,Rain,True,736.0,6.3,True,,Working,60.0,86.0,3.0,149.0,0.0,,False,,,,736
L006,2025-07-04 12:00:00,Telangana,urban,2,51,True,low,0.247,17.484343,78.522168,monsoon,4,12,Day,Rain,False,453.0,22.1,False,,Working,50.0,66.0,7.0,123.0,0.0,,False,,,,453
L006,2025-07-04 13:00:00,Telangana,urban,2,51,True,low,0.247,17.484343,78.522168,monsoon,4,13,Day,Clear,False,485.0,26.7,False,,Working,52.0,54.0,5.0,111.0,0.0,,False,,,,485
L006,2025-07-04 14:00:00,Telangana,urban,2,51,True,low,0.247,17.484343,78.522168,monsoon,4,14,Day,Rain,False,328.0,16.6,False,,Blinking,,,,,,,False,,,,328