location_id,timestamp,state,road_type,lane_count,speed_limit_kmph,has_signal,enforcement_level,blackspot_score,latitude,longitude,season,day_of_week,hour_of_day,lighting,weather,is_peak,vehicle_count_per_hr,avg_speed_kmph,peak,traffic_data_quality_flag,signal_status,green_duration_s,red_duration_s,yellow_duration_s,cycle_time_s,violations_count,signal_data_quality_flag,accident_occurred,severity,vehicles_involved,cause,veh_count_at_accident
L006,2025-07-04 15:00:00,Telangana,urban,2,51,True,low,0.247,17.484343,78.522168,monsoon,4,15,Day,Rain,False,404.0,18.2,False,,Working,63.0,43.0,7.0,113.0,0.0,,False,,,,404
L006,2025-07-04 16:00:00,Telangana,urban,2,51,True,low,0.247,17.484343,78.522168,monsoon,4,16,Day,Thunderstorm,False,0.0,0.0,False,veh_dropout,Working,25.0,109.0,7.0,141.0,1.0,,False,,,,0
L006,2025-07-04 17:00:00,Telangana,urban,2,51,True,low,0.247,17.484343,78.522168,monsoon,4,17,Day,Clear,True,1904.0,5.0,True,,Blinking,,,,,,,False,,,,1904
L006,2025-07-04 18:00:00,Telangana,urban,2,51,True,low,0.247,17.484343,78.522168,monsoon,4,18,Day,Rain,True,583.0,9.5,True,,Working,41.0,96.0,7.0,144.0,0.0,,False,,,,583
L006,2025-07-04 19:00:00,Telangana,urban,2,51,True,low,0.247,17.484343,78.522168,monsoon,4,19,Dusk/Dawn,Thunderstorm,True,1266.0,8.7,True,,Working,69.0,85.0,7.0,161.0,0.0,,False,,,,1266
L006,2025-07-04 20:00:00,Telangana,urban,2,51,True,low,0.247,17.484343,78.522168,monsoon,4,20,Night,Clear,True,484.0,19.5,True,,Working,85.0,116.0,10.0,211.0,1.0,,False,,,,484
L006,2025-07-04 21:00:00,Telangana,urban,2,51,True,low,0.247,17.484343,78.522168,monsoon,4,21,Night,Thunderstorm,True,394.0,21.6,True,,Off,,,,,,,False,,,,394
L006,2025-07-04 22:00:00,Telangana,urban,2,51,True,low,0.247,17.484343,78.522168,monsoon,4,22,Night,Rain,False,460.0,14.7,False,,Working,50.0,110.0,9.0,169.0,0.0,,False,,,,460
L006,2025-07-04 23:00:00,Telangana,urban,2,51,True,low,0.247,17.484343,78.522168,monsoon,4,23,Night,Clear,False,396.0,31.0,False,,Working,73.0,81.0,9.0,163.0,0.0,,False,,,,396
L006,2025-07-05 00:00:00,Telangana,urban,2,51,True,low,0.247,17.484343,78.522168,monsoon,5,0,Night,Clear,False,447.0,23.8,False,,Blinking,,,,,,,False,,,,447
L006,2025-07-05 01:00:00,Telangana,urban,2,51,True,low,0.247,17.484343,78.522168,monsoon,5,1,Night,Rain,False,243.0,,False,,Working,70.0,30.0,3.0,103.0,4.0,,False,,,,243
L006,2025-07-05 02:00:00,Telangana,urban,2,51,True,low,0.247,17.484343,78.522168,monsoon,5,2,Night,Clear,False,233.0,35.2,False,,Working,59.0,75.0,6.0,140.0,2.0,,False,,,,233
L006,2025-07-05 03:00:00,Telangana,urban,2,51,True,low,0.247,17.484343,78.522168,monsoon,5,3,Night,Rain,False,190.0,31.0,False,,Working,60.0,48.0,8.0,116.0,3.0,,True,Minor,2.0,Signal skip,190
L006,2025-07-05 04:00:00,Telangana,urban,2,51,True,low,0.247,17.484343,78.522168,monsoon,5,4,Night,Clear,False,768.0,16.6,False,,Working,80.0,47.0,3.0,130.0,2.0,,False,,,,768
L006,2025-07-05 05:00:00,Telangana,urban,2,51,True,low,0.247,17.484343,78.522168,monsoon,5,5,Dusk/Dawn,Rain,False,376.0,22.4,False,,Working,76.0,104.0,5.0,185.0,0.0,,False,,,,376
L006,2025-07-05 06:00:00,Telangana,urban,2,51,True,low,0.247,17.484343,78.522168,monsoon,5,6,Day,Clear,False,376.0,29.6,False,,Off,,,,,,,False,,,,376
L006,2025-07-05 07:00:00,Telangana,urban,2,51,True,low,0.247,17.484343,78.522168,monsoon,5,7,Day,Rain,False,1311.0,,False,,Working,85.0,50.0,3.0,138.0,2.0,,False,,,,1311
L006,2025-07-05 08:00:00,Telangana,urban,2,51,True,low,0.247,17.484343,78.522168,monsoon,5,8,Day,Thunderstorm,True,650.0,15.8,True,,Working,87.0,59.0,3.0,149.0,0.0,,False,,,,650
L006,2025-07-05 09:00:00,Telangana,urban,2,51,True,low,0.247,17.484343,78.522168,monsoon,5,9,Day,Clear,True,627.0,26.2,True,,Working,89.0,65.0,7.0,161.0,1.0,,False,,,,627
L006,2025-07-05 10:00:00,Telangana,urban,2,51,True,low,0.247,17.484343,78.522168,monsoon,5,10,Day,Clear,True,1615.0,11.8,True,,Working,83.0,67.0,5.0,155.0,0.0,,False,,,,1615
L006,2025-07-05 11:00:00,Telangana,urban,2,51,True,low,0.247,17.484343,78.522168,monsoon,5,11,Day,Clear,False,501.0,22.1,False,,Working,57.0,42.0,7.0,106.0,2.0,,False,,,,501
L006,2025-07-05 12:00:00,Telangana,urban,2,51,True,low,0.247,17.484343,78.522168,monsoon,5,12,,Rain,False,402.0,,False,,Off,,,,,,,False,,,,402
L006,2025-07-05 13:00:00,Telangana,urban,2,51,True,low,0.247,17.484343,78.522168,monsoon,5,13,Day,Rain,False,299.0,26.1,False,,Working,84.0,86.0,5.0,175.0,1.0,,False,,,,299
L006,2025-07-05 14:00:00,Telangana,urban,2,51,True,low,0.247,17.484343,78.522168,monsoon,5,14,Day,Rain,False,977.0,14.2,False,,Working,73.0,114.0,3.0,190.0,1.0,,False,,,,977
L006,2025-07-05 15:00:00,Telangana,urban,2,51,True,low,0.247,17.484343,78.522168,monsoon,5,15,Day,Rain,False,269.0,24.1,False,,Working,45.0,80.0,4.0,129.0,0.0,,False,,,,269
L006,2025-07-05 16:00:00,Telangana,urban,2,51,True,low,0.247,17.484343,78.522168,monsoon,5,16,Day,Clear,False,504.0,27.6,False,,Working,42.0,42.0,5.0,89.0,0.0,,False,,,,504
L006,2025-07-05 17:00:00,Telangana,urban,2,51,True,low,0.247,17.484343,78.522168,monsoon,5,17,Day,Rain,True,945.0,15.9,True,,Working,78.0,45.0,5.0,128.0,0.0,,True,Minor,3.0,Weather-related,945
L006,2025-07-05 18:00:00,Telangana,urban,2,51,True,low,0.247,17.484343,78.522168,monsoon,5,18,Day,Clear,True,696.0,8.9,True,,Working,57.0,71.0,7.0,135.0,2.0,,False,,,,696
L006,2025-07-05 19:00:00,Telangana,urban,2,51,True,low,0.247,17.484343,78.522168,monsoon,5,19,Dusk/Dawn,Rain,True,639.0,11.1,True,,Working,88.0,65.0,5.0,158.0,2.0,,True,Minor,6.0,Signal skip,639
L006,2025-07-05 20:00:00,Telangana,urban,2,51,True,low,0.247,17.484343,78.522168,monsoon,5,20,Night,Clear,False,460.0,27.1,False,,Working,81.0,104.0,8.0,193.0,2.0,,False,,,,460
L006,2025-07-05 21:00:00,Telangana,urban,2,51,True,low,0.247,17.484343,78.522168,monsoon,5,21,Night,Rain,True,1046.0,5.0,True,,Working,57.0,32.0,6.0,95.0,0.0,,True,Minor,2.0,Weather-related,1046
L006,2025-07-05 22:00:00,Telangana,urban,2,51,True,low,0.247,17.484343,78.522168,monsoon,5,22,Night,Clear,False,407.0,31.9,False,,Working,71.0,66.0,8.0,145.0,2.0,,False,,,,407
L006,2025-07-05 23:00:00,Telangana,urban,2,51,True,low,0.247,17.484343,78.522168,monsoon,5,23,Night,Thunderstorm,False,223.0,35.6,False,,Working,89.0,55.0,4.0,148.0,2.0,,False,,,,223
L006,2025-07-06 00:00:00,Telangana,urban,2,51,True,low,0.247,17.484343,78.522168,monsoon,6,0,Night,Clear,False,620.0,21.3,False,,Working,83.0,32.0,7.0,122.0,0.0,,False,,,,620
L006,2025-07-06 01:00:00,Telangana,urban,2,51,True,low,0.247,17.484343,78.522168,monsoon,6,1,Night,Rain,False,731.0,5.0,False,,Working,61.0,113.0,6.0,180.0,1.0,,False,,,,731
L006,2025-07-06 02:00:00,Telangana,urban,2,51,True,low,0.247,17.484343,78.522168,monsoon,6,2,Night,Thunderstorm,False,381.0,24.6,False,,Working,30.0,36.0,6.0,72.0,1.0,,False,,,,381
L006,2025-07-06 03:00:00,Telangana,urban,2,51,True,low,0.247,17.484343,78.522168,monsoon,6,3,Night,Rain,False,396.0,18.7,False,,Off,,,,,,,False,,,,396
L006,2025-07-06 04:00:00,Telangana,urban,2,51,True,low,0.247,17.484343,78.522168,monsoon,6,4,Night,Rain,False,378.0,19.1,False,,Working,56.0,56.0,5.0,117.0,2.0,,False,,,,378
L006,2025-07-06 05:00:00,Telangana,urban,2,51,True,low,0.247,17.484343,78.522168,monsoon,6,5,Dusk/Dawn,Rain,False,325.0,19.6,False,,Working,33.0,42.0,4.0,79.0,3.0,,False,,,,325
L006,2025-07-06 06:00:00,Telangana,urban,2,51,True,low,0.247,17.484343,78.522168,monsoon,6,6,Day,Clear,False,344.0,29.0,False,,Working,33.0,73.0,3.0,109.0,0.0,,False,,,,344
L006,2025-07-06 07:00:00,Telangana,urban,2,51,True,low,0.247,17.484343,78.522168,monsoon,6,7,Day,Thunderstorm,False,226.0,30.9,False,,Off,,,,,,,False,,,,226
L006,2025-07-06 08:00:00,Telangana,urban,2,51,True,low,0.247,17.484343,78.522168,monsoon,6,8,Day,Rain,True,1356.0,10.8,True,,Working,81.0,94.0,3.0,178.0,1.0,,False,,,,1356
L006,2025-07-06 09:00:00,Telangana,urban,2,51,True,low,0.247,17.484343,78.522168,monsoon,6,9,Day,Clear,False,631.0,22.9,False,,Working,85.0,109.0,4.0,198.0,1.0,,False,,,,631
L006,2025-07-06 10:00:00,Telangana,urban,2,51,True,low,0.247,17.484343,78.522168,monsoon,6,10,Day,Rain,False,401.0,19.7,False,,Working,78.0,64.0,6.0,148.0,1.0,,False,,,,401
L006,2025-07-06 11:00:00,Telangana,urban,2,51,True,low,0.247,17.484343,78.522168,monsoon,6,11,Day,Rain,False,439.0,23.5,False,,Working,64.0,105.0,3.0,172.0,3.0,,False,,,,439
L006,2025-07-06 12:00:00,Telangana,urban,2,51,True,low,0.247,17.484343,78.522168,monsoon,6,12,Day,Rain,False,510.0,,False,,Working,45.0,108.0,5.0,158.0,0.0,,False,,,,510
L006,2025-07-06 13:00:00,Telangana,urban,2,51,True,low,0.247,17.484343,78.522168,monsoon,6,13,Day,Thunderstorm,False,257.0,25.3,False,,Working,77.0,49.0,5.0,131.0,3.0,,False,,,,257
L006,2025-07-06 14:00:00,Telangana,urban,2,51,True,low,0.247,17.484343,78.522168,monsoon,6,14,Day,Clear,False,364.0,19.2,False,,Working,33.0,58.0,7.0,98.0,1.0,,False,,,,364
L006,2025-07-06 15:00:00,Telangana,urban,2,51,True,low,0.247,17.484343,78.522168,monsoon,6,15,Day,Rain,False,629.0,8.3,False,,Working,83.0,86.0,4.0,173.0,4.0,,False,,,,629
L006,2025-07-06 16:00:00,Telangana,urban,2,51,True,low,0.247,17.484343,78.522168,monsoon,6,16,Day,Rain,False,271.0,26.2,False,,Working,42.0,105.0,7.0,154.0,3.0,,False,,,,271
L006,2025-07-06 17:00:00,Telangana,urban,2,51,True,low,0.247,17.484343,78.522168,monsoon,6,17,Day,Rain,True,1004.0,10.3,True,,Working,86.0,74.0,7.0,167.0,2.0,,False,,,,1004
L006,2025-07-06 18:00:00,Telangana,urban,2,51,True,low,0.247,17.484343,78.522168,monsoon,6,18,Day,Rain,True,1528.0,5.0,True,,Working,80.0,119.0,4.0,203.0,0.0,,False,,,,1528
L006,2025-07-06 19:00:00,Telangana,urban,2,51,True,low,0.247,17.484343,78.522168,monsoon,6,19,Dusk/Dawn,Clear,False,250.0,31.0,False,,Working,56.0,117.0,5.0,178.0,1.0,,False,,,,250
L006,2025-07-06 20:00:00,Telangana,urban,2,51,True,low,0.247,17.484343,78.522168,monsoon,6,20,Night,Rain,True,1017.0,5.9,True,,Working,63.0,95.0,5.0,163.0,0.0,,False,,,,1017
L006,2025-07-06 21:00:00,Telangana,urban,2,51,True,low,0.247,17.484343,78.522168,monsoon,6,21,Night,Rain,True,1367.0,5.0,True,,Working,57.0,48.0,7.0,112.0,0.0,,False,,,,1367
L006,2025-07-06 22:00:00,Telangana,urban,2,51,True,low,0.247,17.484343,78.522168,monsoon,6,22,Night,Clear,False,581.0,17.3,False,,Working,44.0,34.0,8.0,86.0,1.0,,False,,,,581
L006,2025-07-06 23:00:00,Telangana,urban,2,51,True,low,0.247,17.484343,78.522168,monsoon,6,23,Night,Clear,False,512.0,25.6,False,,Working,54.0,120.0,4.0,178.0,2.0,,False,,,,512
L006,2025-07-07 00:00:00,Telangana,urban,2,51,True,low,0.247,17.484343,78.522168,monsoon,0,0,Night,Rain,False,368.0,,False,,Off,,,,,,,False,,,,368
L006,2025-07-07 01:00:00,Telangana,urban,2,51,True,low,0.247,17.484343,78.522168,monsoon,0,1,Night,Rain,False,561.0,15.1,False,,Working,63.0,115.0,3.0,181.0,2.0,,False,,,,561
L006,2025-07-07 02:00:00,Telangana,urban,2,51,True,low,0.247,17.484343,78.522168,monsoon,0,2,Night,Clear,False,309.0,22.7,False,,Working,52.0,93.0,7.0,152.0,0.0,,False,,,,309
L006,2025-07-07 03:00:00,Telangana,urban,2,51,True,low,0.247,17.484343,78.522168,monsoon,0,3,Night,Rain,False,247.0,17.2,False,,Working,49.0,67.0,3.0,119.0,2.0,,False,,,,247
L006,2025-07-07 04:00:00,Telangana,urban,2,51,True,low,0.247,17.484343,78.522168,monsoon,0,4,Night,Clear,False,259.0,39.9,False,,Working,44.0,105.0,8.0,157.0,2.0,,False,,,,259
L006,2025-07-07 05:00:00,Telangana,urban,2,51,True,low,0.247,17.484343,78.522168,monsoon,0,5,Dusk/Dawn,Rain,False,224.0,25.5,False,,Working,61.0,83.0,7.0,151.0,2.0,,False,,,,224
L006,2025-07-07 06:00:00,Telangana,urban,2,51,True,low,0.247,17.484343,78.522168,monsoon,0,6,Day,Clear,False,316.0,28.5,False,,Working,35.0,117.0,6.0,158.0,1.0,,False,,,,316
L006,2025-07-07 07:00:00,Telangana,urban,2,51,True,low,0.247,17.484343,78.522168,monsoon,0,7,Day,Rain,False,405.0,24.2,False,,Working,85.0,96.0,4.0,185.0,4.0,,False,,,,405
L006,2025-07-07 08:00:00,Telangana,urban,2,51,True,low,0.247,17.484343,78.522168,monsoon,0,8,Day,Clear,True,1033.0,11.6,True,,Working,68.0,107.0,4.0,179.0,1.0,,False,,,,1033
L006,2025-07-07 09:00:00,Telangana,urban,2,51,True,low,0.247,17.484343,78.522168,monsoon,0,9,Day,Rain,True,972.0,8.2,True,,Working,77.0,87.0,6.0,170.0,2.0,,False,,,,972
L006,2025-07-07 10:00:00,Telangana,urban,2,51,True,low,0.247,17.484343,78.522168,monsoon,0,10,Day,Clear,True,987.0,14.2,True,,Working,89.0,117.0,5.0,211.0,1.0,,False,,,,987
L006,2025-07-07 11:00:00,Telangana,urban,2,51,True,low,0.247,17.484343,78.522168,monsoon,0,11,,Clear,True,726.0,17.2,True,,Working,29.0,62.0,6.0,97.0,3.0,,False,,,,726
L006,2025-07-07 12:00:00,Telangana,urban,2,51,True,low,0.247,17.484343,78.522168,monsoon,0,12,Day,Rain,False,409.0,16.2,False,,Off,,,,,,,False,,,,409
L006,2025-07-07 13:00:00,Telangana,urban,2,51,True,low,0.247,17.484343,78.522168,monsoon,0,13,Day,Rain,False,230.0,30.7,False,,Working,36.0,48.0,4.0,88.0,1.0,,False,,,,230
L006,2025-07-07 14:00:00,Telangana,urban,2,51,True,low,0.247,17.484343,78.522168,monsoon,0,14,Day,Rain,False,272.0,15.1,False,,Working,73.0,119.0,6.0,198.0,1.0,,False,,,,272
L006,2025-07-07 15:00:00,Telangana,urban,2,51,True,low,0.247,17.484343,78.522168,monsoon,0,15,Day,Clear,False,476.0,27.0,False,,Working,30.0,109.0,5.0,144.0,1.0,,False,,,,476
L006,2025-07-07 16:00:00,Telangana,urban,2,51,True,low,0.247,17.484343,78.522168,monsoon,0,16,Day,Rain,False,762.0,13.4,False,,Working,35.0,69.0,3.0,107.0,2.0,,False,,,,762
L006,2025-07-07 17:00:00,Telangana,urban,2,51,True,low,0.247,17.484343,78.522168,monsoon,0,17,Day,Rain,True,1450.0,5.0,True,,Blinking,,,,,,,False,,,,1450
L006,2025-07-07 18:00:00,Telangana,urban,2,51,True,low,0.247,17.484343,78.522168,monsoon,0,18,Day,Rain,True,1023.0,13.6,True,,Working,73.0,96.0,5.0,174.0,0.0,,False,,,,1023
L006,2025-07-07 19:00:00,Telangana,urban,2,51,True,low,0.247,17.484343,78.522168,monsoon,0,19,Dusk/Dawn,Clear,True,1556.0,15.9,True,,Working,75.0,76.0,3.0,154.0,2.0,,False,,,,1556
L006,2025-07-07 20:00:00,Telangana,urban,2,51,True,low,0.247,17.484343,78.522168,monsoon,0,20,Night,Rain,True,588.0,15.0,True,,Off,,,,,,,False,,,,588
L006,2025-07-07 21:00:00,Telangana,urban,2,51,True,low,0.247,17.484343,78.522168,monsoon,0,21,Night,Clear,True,1490.0,12.8,True,,Working,78.0,101.0,6.0,185.0,1.0,,False,,,,1490
L006,2025-07-07 22:00:00,Telangana,urban,2,51,True,low,0.247,17.484343,78.522168,monsoon,0,22,Night,Clear,False,297.0,23.2,False,,Working,55.0,103.0,7.0,165.0,0.0,,False,,,,297
L006,2025-07-07 23:00:00,Telangana,urban,2,51,True,low,0.247,17.484343,78.522168,monsoon,0,23,Night,Thunderstorm,False,409.0,,False,,Working,27.0,64.0,4.0,95.0,2.0,,False,,,,409
L007,2025-07-01 00:00:00,Telangana,highway,8,119,True,medium,0.222,17.268045,78.359416,monsoon,1,0,Night,Clear,False,1487.0,94.7,False,,Working,101.0,82.0,5.0,188.0,0.0,,False,,,,1487
L007,2025-07-01 01:00:00,Telangana,highway,8,119,True,medium,0.222,17.268045,78.359416,monsoon,1,1,Night,Rain,False,1885.0,94.2,False,,Working,115.0,68.0,8.0,191.0,0.0,,False,,,,1885
L007,2025-07-01 02:00:00,Telangana,highway,8,119,True,medium,0.222,17.268045,78.359416,monsoon,1,2,Night,Rain,False,2120.0,96.7,False,,Working,117.0,34.0,7.0,158.0,1.0,,False,,,,2120
L007,2025-07-01 03:00:00,Telangana,highway,8,119,True,medium,0.222,17.268045,78.359416,monsoon,1,3,Night,Rain,False,2094.0,97.4,False,,Working,91.0,64.0,7.0,162.0,2.0,,False,,,,2094
L007,2025-07-01 04:00:00,Telangana,highway,8,119,True,medium,0.222,17.268045,78.359416,monsoon,1,4,Night,Rain,False,1664.0,90.3,False,,Working,74.0,79.0,7.0,160.0,0.0,,False,,,,1664
L007,2025-07-01 05:00:00,Telangana,highway,8,119,True,medium,0.222,17.268045,78.359416,monsoon,1,5,Dusk/Dawn,Clear,False,3881.0,86.9,False,,Off,,,,,,,False,,,,3881
L007,2025-07-01 06:00:00,Telangana,highway,8,119,True,medium,0.222,17.268045,78.359416,monsoon,1,6,Day,Clear,True,6485.0,83.2,True,,Working,50.0,66.0,4.0,120.0,1.0,,False,,,,6485
L007,2025-07-01 07:00:00,Telangana,highway,8,119,True,medium,0.222,17.268045,78.359416,monsoon,1,7,Day,Rain,True,7275.0,,True,,Off,,,,,,,False,,,,7275
L007,2025-07-01 08:00:00,Telangana,highway,8,119,True,medium,0.222,17.268045,78.359416,monsoon,1,8,Day,Clear,True,6851.0,81.3,True,,Working,104.0,59.0,5.0,168.0,0.0,,False,,,,6851
L007,2025-07-01 09:00:00,Telangana,highway,8,119,True,medium,0.222,17.268045,78.359416,monsoon,1,9,Day,Rain,True,2424.0,82.8,True,,Working,94.0,97.0,3.0,194.0,1.0,,False,,,,2424
L007,2025-07-01 10:00:00,Telangana,highway,8,119,True,medium,0.222,17.268045,78.359416,monsoon,1,10,Day,Clear,False,1448.0,89.5,False,,Working,93.0,117.0,3.0,213.0,0.0,,False,,,,1448
L007,2025-07-01 11:00:00,Telangana,highway,8,119,True,medium,0.222,17.268045,78.359416,monsoon,1,11,Day,Clear,False,3715.0,77.9,False,,Working,88.0,46.0,6.0,140.0,0.0,,False,,,,3715
L007,2025-07-01 12:00:00,Telangana,highway,8,119,True,medium,0.222,17.268045,78.359416,monsoon,1,12,Day,Rain,False,5325.0,65.9,False,,Blinking,,,,,,,False,,,,5325
L007,2025-07-01 13:00:00,Telangana,highway,8,119,True,medium,0.222,17.268045,78.359416,monsoon,1,13,Day,Clear,False,4226.0,84.6,False,,Working,76.0,61.0,4.0,141.0,0.0,,False,,,,4226
L007,2025-07-01 14:00:00,Telangana,highway,8,119,True,medium,0.222,17.268045,78.359416,monsoon,1,14,Day,Rain,False,18490.0,72.0,False,veh_spike,Working,79.0,116.0,5.0,200.0,0.0,,False,,,,18490
L007,2025-07-01 15:00:00,Telangana,highway,8,119,True,medium,0.222,17.268045,78.359416,monsoon,1,15,Day,Rain,False,1336.0,,False,,Working,56.0,116.0,6.0,178.0,1.0,,False,,,,1336
L007,2025-07-01 16:00:00,Telangana,highway,8,119,True,medium,0.222,17.268045,78.359416,monsoon,1,16,Day,Rain,False,4586.0,65.8,False,,Working,79.0,39.0,7.0,125.0,1.0,,False,,,,4586
L007,2025-07-01 17:00:00,Telangana,highway,8,119,True,medium,0.222,17.268045,78.359416,monsoon,1,17,Day,Clear,False,1587.0,96.3,False,,Working,72.0,66.0,7.0,145.0,0.0,,False,,,,1587
L007,2025-07-01 18:00:00,Telangana,highway,8,119,True,medium,0.222,17.268045,78.359416,monsoon,1,18,Day,Clear,True,3446.0,89.2,True,,Working,56.0,92.0,5.0,153.0,1.0,,False,,,,3446
L007,2025-07-01 19:00:00,Telangana,highway,8,119,True,medium,0.222,17.268045,78.359416,monsoon,1,19,Dusk/Dawn,Clear,True,9533.0,72.9,True,,Blinking,,,,,,,False,,,,9533
L007,2025-07-01 20:00:00,Telangana,highway,8,119,True,medium,0.222,17.268045,78.359416,monsoon,1,20,Night,Rain,True,5227.0,69.0,True,,Working,113.0,102.0,10.0,225.0,0.0,,False,,,,5227
L007,2025-07-01 21:00:00,Telangana,highway,8,119,True,medium,0.222,17.268045,78.359416,monsoon,1,21,Night,Rain,True,2128.0,100.0,True,,Working,111.0,111.0,3.0,225.0,2.0,,False,,,,2128
L007,2025-07-01 22:00:00,Telangana,highway,8,119,True,medium,0.222,17.268045,78.359416,monsoon,1,22,Night,Clear,True,6299.0,87.3,True,,Working,66.0,76.0,4.0,146.0,1.0,,True,Major,2.0,Overspeeding,6299
L007,2025-07-01 23:00:00,Telangana,highway,8,119,True,medium,0.222,17.268045,78.359416,monsoon,1,23,Night,Thunderstorm,False,4218.0,85.9,False,,Working,48.0,66.0,5.0,119.0,0.0,,False,,,,4218
L007,2025-07-02 00:00:00,Telangana,highway,8,119,True,medium,0.222,17.268045,78.359416,monsoon,2,0,Night,Clear,False,796.0,109.5,False,,Working,88.0,44.0,7.0,139.0,0.0,,False,,,,796
L007,2025-07-02 01:00:00,Telangana,highway,8,119,True,medium,0.222,17.268045,78.359416,monsoon,2,1,Night,Rain,False,3170.0,85.2,False,,Working,107.0,50.0,4.0,161.0,0.0,,False,,,,3170
L007,2025-07-02 02:00:00,Telangana,highway,8,119,True,medium,0.222,17.268045,78.359416,monsoon,2,2,Night,Rain,False,1058.0,101.0,False,,Working,38.0,35.0,4.0,77.0,0.0,,False,,,,1058
L007,2025-07-02 03:00:00,Telangana,highway,8,119,True,medium,0.222,17.268045,78.359416,monsoon,2,3,Night,Rain,False,4766.0,85.9,False,,Working,50.0,67.0,3.0,120.0,1.0,,True,Fatal,1.0,Weather-related,4766
L007,2025-07-02 04:00:00,Telangana,highway,8,119,True,medium,0.222,17.268045,78.359416,monsoon,2,4,Night,Rain,False,1681.0,100.0,False,,Working,62.0,73.0,6.0,141.0,0.0,,False,,,,1681
L007,2025-07-02 05:00:00,Telangana,highway,8,119,True,medium,0.222,17.268045,78.359416,monsoon,2,5,Dusk/Dawn,Rain,False,3271.0,77.4,False,,Working,37.0,78.0,7.0,122.0,0.0,,False,,,,3271
L007,2025-07-02 06:00:00,Telangana,highway,8,119,True,medium,0.222,17.268045,78.359416,monsoon,2,6,Day,Clear,True,8370.0,74.8,True,,Working,64.0,61.0,5.0,130.0,1.0,,False,,,,8370
L007,2025-07-02 07:00:00,Telangana,highway,8,119,True,medium,0.222,17.268045,78.359416,monsoon,2,7,Day,Rain,True,4759.0,69.1,True,,Blinking,,,,,,,False,,,,4759
L007,2025-07-02 08:00:00,Telangana,highway,8,119,True,medium,0.222,17.268045,78.359416,monsoon,2,8,Day,Clear,True,0.0,0.0,True,veh_dropout,Blinking,,,,,,,False,,,,0
L007,2025-07-02 09:00:00,Telangana,highway,8,119,True,medium,0.222,17.268045,78.359416,monsoon,2,9,Day,Rain,True,4657.0,70.8,True,,Working,38.0,52.0,5.0,95.0,0.0,,False,,,,4657
L007,2025-07-02 10:00:00,Telangana,highway,8,119,True,medium,0.222,17.268045,78.359416,monsoon,2,10,Day,Rain,False,1713.0,86.4,False,,Working,111.0,72.0,7.0,190.0,0.0,,False,,,,1713
L007,2025-07-02 11:00:00,Telangana,highway,8,119,True,medium,0.222,17.268045,78.359416,monsoon,2,11,Day,Rain,False,4376.0,78.2,False,,Working,63.0,78.0,5.0,146.0,1.0,,False,,,,4376
L007,2025-07-02 12:00:00,Telangana,highway,8,119,True,medium,0.222,17.268045,78.359416,monsoon,2,12,Day,Rain,False,1890.0,79.4,False,,Working,90.0,93.0,3.0,186.0,0.0,,False,,,,1890
L007,2025-07-02 13:00:00,Telangana,highway,8,119,True,medium,0.222,17.268045,78.359416,monsoon,2,13,Day,Rain,False,1909.0,88.9,False,,Off,,,,,,,False,,,,1909
L007,2025-07-02 14:00:00,Telangana,highway,8,119,True,medium,0.222,17.268045,78.359416,monsoon,2,14,Day,Rain,False,3295.0,,False,,Working,107.0,108.0,7.0,222.0,0.0,,False,,,,3295
L007,2025-07-02 15:00:00,Telangana,highway,8,119,True,medium,0.222,17.268045,78.359416,monsoon,2,15,Day,Rain,False,3956.0,72.7,False,,Working,97.0,70.0,7.0,174.0,0.0,,False,,,,3956
L007,2025-07-02 16:00:00,Telangana,highway,8,119,True,medium,0.222,17.268045,78.359416,monsoon,2,16,Day,Clear,False,4344.0,88.9,False,,Working,43.0,80.0,3.0,126.0,2.0,,False,,,,4344
L007,2025-07-02 17:00:00,Telangana,highway,8,119,True,medium,0.222,17.268045,78.359416,monsoon,2,17,Day,Clear,False,1215.0,106.7,False,,Working,74.0,76.0,7.0,157.0,0.0,,False,,,,1215
L007,2025-07-02 18:00:00,Telangana,highway,8,119,True,medium,0.222,17.268045,78.359416,monsoon,2,18,Day,Clear,True,5040.0,84.5,True,,Working,116.0,45.0,7.0,168.0,0.0,,False,,,,5040
L007,2025-07-02 19:00:00,Telangana,highway,8,119,True,medium,0.222,17.268045,78.359416,monsoon,2,19,Dusk/Dawn,Clear,True,6634.0,78.3,True,,Working,95.0,106.0,5.0,206.0,0.0,,False,,,,6634
L007,2025-07-02 20:00:00,Telangana,highway,8,119,True,medium,0.222,17.268045,78.359416,monsoon,2,20,Night,Rain,True,8697.0,72.0,True,,Working,45.0,44.0,3.0,92.0,0.0,,False,,,,8697
L007,2025-07-02 21:00:00,Telangana,highway,8,119,True,medium,0.222,17.268045,78.359416,monsoon,2,21,Night,Clear,True,4955.0,79.5,True,,Working,57.0,56.0,10.0,123.0,0.0,,False,,,,4955
L007,2025-07-02 22:00:00,Telangana,highway,8,119,True,medium,0.222,17.268045,78.359416,monsoon,2,22,Night,Thunderstorm,True,2677.0,88.9,True,,Working,55.0,78.0,8.0,141.0,1.0,,False,,,,2677