location_id,timestamp,state,road_type,lane_count,speed_limit_kmph,has_signal,enforcement_level,blackspot_score,latitude,longitude,season,day_of_week,hour_of_day,lighting,weather,is_peak,vehicle_count_per_hr,avg_speed_kmph,peak,traffic_data_quality_flag,signal_status,green_duration_s,red_duration_s,yellow_duration_s,cycle_time_s,violations_count,signal_data_quality_flag,accident_occurred,severity,vehicles_involved,cause,veh_count_at_accident
L007,2025-07-02 23:00:00,Telangana,highway,8,119,True,medium,0.222,17.268045,78.359416,monsoon,2,23,Night,Clear,False,2238.0,97.4,False,,Working,95.0,71.0,9.0,175.0,0.0,,False,,,,2238
L007,2025-07-03 00:00:00,Telangana,highway,8,119,True,medium,0.222,17.268045,78.359416,monsoon,3,0,Night,Clear,False,3370.0,,False,,Working,89.0,45.0,3.0,137.0,1.0,,False,,,,3370
L007,2025-07-03 01:00:00,Telangana,highway,8,119,True,medium,0.222,17.268045,78.359416,monsoon,3,1,Night,Rain,False,2189.0,84.5,False,,Working,47.0,46.0,8.0,101.0,1.0,,False,,,,2189
L007,2025-07-03 02:00:00,Telangana,highway,8,119,True,medium,0.222,17.268045,78.359416,monsoon,3,2,Night,Rain,False,1316.0,107.0,False,,Working,100.0,82.0,10.0,192.0,1.0,,False,,,,1316
L007,2025-07-03 03:00:00,Telangana,highway,8,119,True,medium,0.222,17.268045,78.359416,monsoon,3,3,Night,Rain,False,1910.0,90.4,False,,Blinking,,,,,,,False,,,,1910
L007,2025-07-03 04:00:00,Telangana,highway,8,119,True,medium,0.222,17.268045,78.359416,monsoon,3,4,Night,Rain,False,2504.0,96.1,False,,Working,66.0,112.0,10.0,188.0,0.0,,False,,,,2504
L007,2025-07-03 05:00:00,Telangana,highway,8,119,True,medium,0.222,17.268045,78.359416,monsoon,3,5,Dusk/Dawn,Rain,False,1403.0,93.9,False,,Working,71.0,112.0,3.0,186.0,3.0,,False,,,,1403
L007,2025-07-03 06:00:00,Telangana,highway,8,119,True,medium,0.222,17.268045,78.359416,monsoon,3,6,Day,Clear,True,7257.0,78.3,True,,Working,86.0,73.0,6.0,165.0,0.0,,False,,,,7257
L007,2025-07-03 07:00:00,Telangana,highway,8,119,True,medium,0.222,17.268045,78.359416,monsoon,3,7,Day,Thunderstorm,True,2652.0,95.2,True,,Working,119.0,95.0,7.0,221.0,0.0,,False,,,,2652
L007,2025-07-03 08:00:00,Telangana,highway,8,119,True,medium,0.222,17.268045,78.359416,monsoon,3,8,Day,Thunderstorm,True,1776.0,100.3,True,,Working,40.0,38.0,6.0,84.0,0.0,,False,,,,1776
L007,2025-07-03 09:00:00,Telangana,highway,8,119,True,medium,0.222,17.268045,78.359416,monsoon,3,9,Day,Rain,True,3103.0,80.1,True,,Working,102.0,79.0,6.0,187.0,0.0,,False,,,,3103
L007,2025-07-03 10:00:00,Telangana,highway,8,119,True,medium,0.222,17.268045,78.359416,monsoon,3,10,Day,Clear,False,2971.0,79.3,False,,Working,76.0,97.0,3.0,176.0,0.0,,False,,,,2971
L007,2025-07-03 11:00:00,Telangana,highway,8,119,True,medium,0.222,17.268045,78.359416,monsoon,3,11,Day,Rain,False,1877.0,88.2,False,,Working,113.0,90.0,7.0,210.0,1.0,,False,,,,1877
L007,2025-07-03 12:00:00,Telangana,highway,8,119,True,medium,0.222,17.268045,78.359416,monsoon,3,12,Day,Clear,False,4520.0,74.7,False,,Working,56.0,82.0,7.0,145.0,1.0,,False,,,,4520
L007,2025-07-03 13:00:00,Telangana,highway,8,119,True,medium,0.222,17.268045,78.359416,monsoon,3,13,Day,Clear,False,3438.0,80.2,False,,Working,81.0,95.0,7.0,183.0,1.0,,False,,,,3438
L007,2025-07-03 14:00:00,Telangana,highway,8,119,True,medium,0.222,17.268045,78.359416,monsoon,3,14,Day,Clear,False,3056.0,-1.0,False,speed_glitch,Off,,,,,,,False,,,,3056
L007,2025-07-03 15:00:00,Telangana,highway,8,119,True,medium,0.222,17.268045,78.359416,monsoon,3,15,Day,Rain,False,1786.0,82.9,False,,Working,35.0,59.0,7.0,101.0,0.0,,False,,,,1786
L007,2025-07-03 16:00:00,Telangana,highway,8,119,True,medium,0.222,17.268045,78.359416,monsoon,3,16,Day,Rain,False,4247.0,,False,,Working,81.0,38.0,3.0,122.0,0.0,,False,,,,4247
L007,2025-07-03 17:00:00,Telangana,highway,8,119,True,medium,0.222,17.268045,78.359416,monsoon,3,17,Day,Rain,False,1997.0,87.0,False,,Working,93.0,85.0,4.0,182.0,1.0,,False,,,,1997
L007,2025-07-03 18:00:00,Telangana,highway,8,119,True,medium,0.222,17.268045,78.359416,monsoon,3,18,Day,Rain,True,8209.0,59.8,True,,Working,0.0,112.0,4.0,175.0,0.0,sig_glitch,False,,,,8209
L007,2025-07-03 19:00:00,Telangana,highway,8,119,True,medium,0.222,17.268045,78.359416,monsoon,3,19,Dusk/Dawn,Rain,True,1910.0,85.3,True,,Working,114.0,69.0,4.0,187.0,1.0,,False,,,,1910
L007,2025-07-03 20:00:00,Telangana,highway,8,119,True,medium,0.222,17.268045,78.359416,monsoon,3,20,Night,Clear,True,4882.0,82.2,True,,Working,55.0,86.0,6.0,147.0,0.0,,False,,,,4882
L007,2025-07-03 21:00:00,Telangana,highway,8,119,True,medium,0.222,17.268045,78.359416,monsoon,3,21,Night,Rain,True,5085.0,,True,,Working,40.0,82.0,6.0,128.0,0.0,,False,,,,5085
L007,2025-07-03 22:00:00,Telangana,highway,8,119,True,medium,0.222,17.268045,78.359416,monsoon,3,22,Night,Thunderstorm,True,4572.0,,True,,Working,108.0,101.0,10.0,219.0,0.0,,False,,,,4572
L007,2025-07-03 23:00:00,Telangana,highway,8,119,True,medium,0.222,17.268045,78.359416,monsoon,3,23,Night,Clear,False,4312.0,83.2,False,,Working,105.0,35.0,7.0,147.0,0.0,,False,,,,4312
L007,2025-07-04 00:00:00,Telangana,highway,8,119,True,medium,0.222,17.268045,78.359416,monsoon,4,0,Night,Rain,False,2403.0,90.1,False,,Working,84.0,43.0,5.0,132.0,0.0,,True,Minor,2.0,Overspeeding,2403
L007,2025-07-04 01:00:00,Telangana,highway,8,119,True,medium,0.222,17.268045,78.359416,monsoon,4,1,Night,Rain,False,3167.0,87.9,False,,Working,47.0,63.0,6.0,116.0,1.0,,True,Minor,3.0,Weather-related,3167
L007,2025-07-04 02:00:00,Telangana,highway,8,119,True,medium,0.222,17.268045,78.359416,monsoon,4,2,Night,Rain,False,3562.0,88.2,False,,Working,46.0,81.0,7.0,134.0,0.0,,False,,,,3562
L007,2025-07-04 03:00:00,Telangana,highway,8,119,True,medium,0.222,17.268045,78.359416,monsoon,4,3,Night,Rain,False,2996.0,93.1,False,,Off,,,,,,,False,,,,2996
L007,2025-07-04 04:00:00,Telangana,highway,8,119,True,medium,0.222,17.268045,78.359416,monsoon,4,4,Night,Rain,False,2208.0,89.4,False,,Working,84.0,105.0,8.0,197.0,1.0,,False,,,,2208
L007,2025-07-04 05:00:00,Telangana,highway,8,119,True,medium,0.222,17.268045,78.359416,monsoon,4,5,Dusk/Dawn,Rain,False,2520.0,87.1,False,,Blinking,,,,,,,False,,,,2520
L007,2025-07-04 06:00:00,Telangana,highway,8,119,True,medium,0.222,17.268045,78.359416,monsoon,4,6,Day,Thunderstorm,True,4290.0,85.3,True,,Working,111.0,42.0,3.0,156.0,1.0,,False,,,,4290
L007,2025-07-04 07:00:00,Telangana,highway,8,119,True,medium,0.222,17.268045,78.359416,monsoon,4,7,Day,Rain,True,6545.0,56.5,True,,Working,61.0,74.0,4.0,139.0,1.0,,False,,,,6545
L007,2025-07-04 08:00:00,Telangana,highway,8,119,True,medium,0.222,17.268045,78.359416,monsoon,4,8,Day,Clear,True,7686.0,66.1,True,,Working,113.0,35.0,5.0,153.0,0.0,,False,,,,7686
L007,2025-07-04 09:00:00,Telangana,highway,8,119,True,medium,0.222,17.268045,78.359416,monsoon,4,9,Day,Rain,True,3550.0,73.5,True,,Working,38.0,87.0,4.0,129.0,1.0,,False,,,,3550
L007,2025-07-04 10:00:00,Telangana,highway,8,119,True,medium,0.222,17.268045,78.359416,monsoon,4,10,Day,Thunderstorm,False,8525.0,101.5,False,veh_spike,Working,38.0,119.0,6.0,163.0,1.0,,False,,,,8525
L007,2025-07-04 11:00:00,Telangana,highway,8,119,True,medium,0.222,17.268045,78.359416,monsoon,4,11,Day,Clear,False,1853.0,90.5,False,,Working,75.0,89.0,7.0,171.0,0.0,,False,,,,1853
L007,2025-07-04 12:00:00,Telangana,highway,8,119,True,medium,0.222,17.268045,78.359416,monsoon,4,12,Day,Rain,False,1446.0,87.0,False,,Working,73.0,36.0,7.0,116.0,2.0,,False,,,,1446
L007,2025-07-04 13:00:00,Telangana,highway,8,119,True,medium,0.222,17.268045,78.359416,monsoon,4,13,Day,Rain,False,2406.0,79.1,False,,Working,78.0,74.0,7.0,159.0,0.0,,False,,,,2406
L007,2025-07-04 14:00:00,Telangana,highway,8,119,True,medium,0.222,17.268045,78.359416,monsoon,4,14,,Rain,False,3676.0,74.8,False,,Blinking,,,,,,,False,,,,3676
L007,2025-07-04 15:00:00,Telangana,highway,8,119,True,medium,0.222,17.268045,78.359416,monsoon,4,15,Day,Clear,False,2818.0,83.9,False,,Working,74.0,87.0,5.0,166.0,0.0,,False,,,,2818
L007,2025-07-04 16:00:00,Telangana,highway,8,119,True,medium,0.222,17.268045,78.359416,monsoon,4,16,Day,Rain,False,719.0,98.4,False,,Off,,,,,,,False,,,,719
L007,2025-07-04 17:00:00,Telangana,highway,8,119,True,medium,0.222,17.268045,78.359416,monsoon,4,17,Day,Thunderstorm,False,1235.0,94.6,False,,Working,69.0,88.0,3.0,160.0,0.0,,False,,,,1235
L007,2025-07-04 18:00:00,Telangana,highway,8,119,True,medium,0.222,17.268045,78.359416,monsoon,4,18,Day,Clear,True,4001.0,84.9,True,,Working,116.0,44.0,7.0,167.0,0.0,,False,,,,4001
L007,2025-07-04 19:00:00,Telangana,highway,8,119,True,medium,0.222,17.268045,78.359416,monsoon,4,19,Dusk/Dawn,Clear,True,6966.0,77.2,True,,Off,,,,,,,False,,,,6966
L007,2025-07-04 20:00:00,Telangana,highway,8,119,True,medium,0.222,17.268045,78.359416,monsoon,4,20,Night,Thunderstorm,True,3349.0,91.4,True,,Working,58.0,102.0,5.0,165.0,0.0,,False,,,,3349
L007,2025-07-04 21:00:00,Telangana,highway,8,119,True,medium,0.222,17.268045,78.359416,monsoon,4,21,Night,Clear,True,3868.0,100.2,True,,Working,119.0,67.0,6.0,192.0,0.0,,False,,,,3868
L007,2025-07-04 22:00:00,Telangana,highway,8,119,True,medium,0.222,17.268045,78.359416,monsoon,4,22,Night,Rain,True,4370.0,83.2,True,,Working,45.0,34.0,10.0,89.0,0.0,,False,,,,4370
L007,2025-07-04 23:00:00,Telangana,highway,8,119,True,medium,0.222,17.268045,78.359416,monsoon,4,23,Night,Rain,False,2495.0,98.6,False,,Working,72.0,83.0,4.0,159.0,0.0,,False,,,,2495
L007,2025-07-05 00:00:00,Telangana,highway,8,119,True,medium,0.222,17.268045,78.359416,monsoon,5,0,Night,Clear,False,2336.0,90.4,False,,Working,74.0,31.0,3.0,108.0,1.0,,False,,,,2336
L007,2025-07-05 01:00:00,Telangana,highway,8,119,True,medium,0.222,17.268045,78.359416,monsoon,5,1,Night,Rain,False,3113.0,86.3,False,,Working,70.0,33.0,5.0,108.0,0.0,,False,,,,3113
L007,2025-07-05 02:00:00,Telangana,highway,8,119,True,medium,0.222,17.268045,78.359416,monsoon,5,2,Night,Rain,False,833.0,107.1,False,,Working,96.0,31.0,9.0,136.0,1.0,,False,,,,833
L007,2025-07-05 03:00:00,Telangana,highway,8,119,True,medium,0.222,17.268045,78.359416,monsoon,5,3,Night,Rain,False,2506.0,90.5,False,,Working,69.0,76.0,10.0,155.0,2.0,,False,,,,2506
L007,2025-07-05 04:00:00,Telangana,highway,8,119,True,medium,0.222,17.268045,78.359416,monsoon,5,4,Night,Rain,False,953.0,98.5,False,,Working,75.0,58.0,8.0,141.0,3.0,,True,Fatal,2.0,Weather-related,953
L007,2025-07-05 05:00:00,Telangana,highway,8,119,True,medium,0.222,17.268045,78.359416,monsoon,5,5,Dusk/Dawn,Rain,False,1077.0,91.7,False,,Working,56.0,33.0,7.0,96.0,0.0,,False,,,,1077
L007,2025-07-05 06:00:00,Telangana,highway,8,119,True,medium,0.222,17.268045,78.359416,monsoon,5,6,Day,Clear,True,8305.0,76.7,True,,Working,62.0,119.0,4.0,185.0,0.0,,False,,,,8305
L007,2025-07-05 07:00:00,Telangana,highway,8,119,True,medium,0.222,17.268045,78.359416,monsoon,5,7,Day,Rain,True,1592.0,90.1,True,,Working,49.0,37.0,5.0,91.0,0.0,,False,,,,1592
L007,2025-07-05 08:00:00,Telangana,highway,8,119,True,medium,0.222,17.268045,78.359416,monsoon,5,8,Day,Thunderstorm,True,2450.0,93.8,True,,Working,89.0,66.0,6.0,161.0,0.0,,False,,,,2450
L007,2025-07-05 09:00:00,Telangana,highway,8,119,True,medium,0.222,17.268045,78.359416,monsoon,5,9,Day,Clear,True,3476.0,80.8,True,,Working,91.0,66.0,6.0,163.0,1.0,,False,,,,3476
L007,2025-07-05 10:00:00,Telangana,highway,8,119,True,medium,0.222,17.268045,78.359416,monsoon,5,10,Day,Rain,False,2741.0,,False,,Working,71.0,113.0,7.0,191.0,1.0,,False,,,,2741
L007,2025-07-05 11:00:00,Telangana,highway,8,119,True,medium,0.222,17.268045,78.359416,monsoon,5,11,Day,Clear,False,2510.0,98.0,False,,Working,86.0,113.0,6.0,205.0,1.0,,False,,,,2510
L007,2025-07-05 12:00:00,Telangana,highway,8,119,True,medium,0.222,17.268045,78.359416,monsoon,5,12,Day,Rain,False,0.0,0.0,False,veh_dropout,Working,49.0,85.0,7.0,141.0,0.0,,False,,,,0
L007,2025-07-05 13:00:00,Telangana,highway,8,119,True,medium,0.222,17.268045,78.359416,monsoon,5,13,Day,Clear,False,4558.0,,False,,Working,120.0,90.0,3.0,213.0,2.0,,False,,,,4558
L007,2025-07-05 14:00:00,Telangana,highway,8,119,True,medium,0.222,17.268045,78.359416,monsoon,5,14,Day,Thunderstorm,False,3264.0,86.2,False,,Working,39.0,81.0,3.0,123.0,1.0,,False,,,,3264
L007,2025-07-05 15:00:00,Telangana,highway,8,119,True,medium,0.222,17.268045,78.359416,monsoon,5,15,Day,Rain,False,1777.0,81.5,False,,Working,87.0,31.0,7.0,125.0,0.0,,False,,,,1777
L007,2025-07-05 16:00:00,Telangana,highway,8,119,True,medium,0.222,17.268045,78.359416,monsoon,5,16,Day,Clear,False,3267.0,91.1,False,,Working,111.0,119.0,5.0,235.0,0.0,,False,,,,3267
L007,2025-07-05 17:00:00,Telangana,highway,8,119,True,medium,0.222,17.268045,78.359416,monsoon,5,17,Day,Clear,False,2697.0,84.2,False,,Working,113.0,84.0,4.0,201.0,0.0,,False,,,,2697
L007,2025-07-05 18:00:00,Telangana,highway,8,119,True,medium,0.222,17.268045,78.359416,monsoon,5,18,Day,Clear,True,4334.0,86.9,True,,Working,103.0,92.0,5.0,200.0,1.0,,False,,,,4334
L007,2025-07-05 19:00:00,Telangana,highway,8,119,True,medium,0.222,17.268045,78.359416,monsoon,5,19,Dusk/Dawn,Rain,True,4354.0,67.9,True,,Working,46.0,41.0,6.0,93.0,0.0,,False,,,,4354
L007,2025-07-05 20:00:00,Telangana,highway,8,119,True,medium,0.222,17.268045,78.359416,monsoon,5,20,Night,Clear,True,4810.0,95.8,True,,Working,119.0,103.0,5.0,227.0,1.0,,False,,,,4810
L007,2025-07-05 21:00:00,Telangana,highway,8,119,True,medium,0.222,17.268045,78.359416,monsoon,5,21,Night,Rain,True,4057.0,90.7,True,,Working,77.0,47.0,4.0,128.0,1.0,,False,,,,4057
L007,2025-07-05 22:00:00,Telangana,highway,8,119,True,medium,0.222,17.268045,78.359416,monsoon,5,22,Night,Rain,True,8474.0,58.7,True,,Working,71.0,70.0,3.0,144.0,1.0,,False,,,,8474
L007,2025-07-05 23:00:00,Telangana,highway,8,119,True,medium,0.222,17.268045,78.359416,monsoon,5,23,Night,Clear,False,3999.0,95.7,False,,Working,75.0,65.0,4.0,144.0,0.0,,False,,,,3999
L007,2025-07-06 00:00:00,Telangana,highway,8,119,True,medium,0.222,17.268045,78.359416,monsoon,6,0,Night,Rain,False,4191.0,75.5,False,,Working,87.0,48.0,5.0,140.0,0.0,,False,,,,4191
L007,2025-07-06 01:00:00,Telangana,highway,8,119,True,medium,0.222,17.268045,78.359416,monsoon,6,1,Night,Rain,False,3317.0,88.0,False,,Working,59.0,46.0,4.0,109.0,1.0,,False,,,,3317
L007,2025-07-06 02:00:00,Telangana,highway,8,119,True,medium,0.222,17.268045,78.359416,monsoon,6,2,Night,Clear,False,4342.0,84.8,False,,Working,109.0,40.0,6.0,155.0,0.0,,False,,,,4342
L007,2025-07-06 03:00:00,Telangana,highway,8,119,True,medium,0.222,17.268045,78.359416,monsoon,6,3,Night,Clear,False,1915.0,103.8,False,,Working,42.0,117.0,8.0,167.0,0.0,,False,,,,1915
L007,2025-07-06 04:00:00,Telangana,highway,8,119,True,medium,0.222,17.268045,78.359416,monsoon,6,4,Night,Clear,False,1200.0,105.6,False,,Working,88.0,46.0,7.0,141.0,1.0,,False,,,,1200
L007,2025-07-06 05:00:00,Telangana,highway,8,119,True,medium,0.222,17.268045,78.359416,monsoon,6,5,Dusk/Dawn,Rain,False,2558.0,83.1,False,,Off,,,,,,,False,,,,2558
L007,2025-07-06 06:00:00,Telangana,highway,8,119,True,medium,0.222,17.268045,78.359416,monsoon,6,6,Day,Rain,True,5761.0,63.6,True,,Working,39.0,53.0,4.0,96.0,0.0,,False,,,,5761
L007,2025-07-06 07:00:00,Telangana,highway,8,119,True,medium,0.222,17.268045,78.359416,monsoon,6,7,Day,Rain,True,2765.0,76.8,True,,Working,52.0,47.0,3.0,102.0,1.0,,False,,,,2765
L007,2025-07-06 08:00:00,Telangana,highway,8,119,True,medium,0.222,17.268045,78.359416,monsoon,6,8,Day,Rain,True,2093.0,83.7,True,,Off,,,,,,,False,,,,2093
L007,2025-07-06 09:00:00,Telangana,highway,8,119,True,medium,0.222,17.268045,78.359416,monsoon,6,9,Day,Rain,True,3105.0,81.4,True,,Working,59.0,105.0,6.0,170.0,2.0,,False,,,,3105
L007,2025-07-06 10:00:00,Telangana,highway,8,119,True,medium,0.222,17.268045,78.359416,monsoon,6,10,Day,Rain,False,1572.0,84.2,False,,Working,77.0,38.0,5.0,120.0,0.0,,False,,,,1572
L007,2025-07-06 11:00:00,Telangana,highway,8,119,True,medium,0.222,17.268045,78.359416,monsoon,6,11,Day,Rain,False,2388.0,81.7,False,,Off,,,,,,,False,,,,2388
L007,2025-07-06 12:00:00,Telangana,highway,8,119,True,medium,0.222,17.268045,78.359416,monsoon,6,12,Day,Clear,False,3600.0,94.3,False,,Working,73.0,109.0,7.0,189.0,0.0,,False,,,,3600
L007,2025-07-06 13:00:00,Telangana,highway,8,119,True,medium,0.222,17.268045,78.359416,monsoon,6,13,Day,Clear,False,2917.0,88.2,False,,Working,63.0,91.0,7.0,161.0,0.0,,False,,,,2917
L007,2025-07-06 14:00:00,Telangana,highway,8,119,True,medium,0.222,17.268045,78.359416,monsoon,6,14,Day,Clear,False,1749.0,101.5,False,,Working,48.0,70.0,4.0,122.0,0.0,,False,,,,1749
L007,2025-07-06 15:00:00,Telangana,highway,8,119,True,medium,0.222,17.268045,78.359416,monsoon,6,15,Day,Clear,False,2129.0,84.9,False,,Working,85.0,104.0,5.0,194.0,0.0,,False,,,,2129
L007,2025-07-06 16:00:00,Telangana,highway,8,119,True,medium,0.222,17.268045,78.359416,monsoon,6,16,Day,Rain,False,717.0,96.6,False,,Working,99.0,105.0,7.0,211.0,0.0,,False,,,,717
L007,2025-07-06 17:00:00,Telangana,highway,8,119,True,medium,0.222,17.268045,78.359416,monsoon,6,17,Day,Thunderstorm,False,1565.0,90.2,False,,Off,,,,,,,False,,,,1565
L007,2025-07-06 18:00:00,Telangana,highway,8,119,True,medium,0.222,17.268045,78.359416,monsoon,6,18,Day,Clear,True,5227.0,78.2,True,,Working,74.0,97.0,3.0,174.0,0.0,,True,Minor,3.0,Overspeeding,5227
L007,2025-07-06 19:00:00,Telangana,highway,8,119,True,medium,0.222,17.268045,78.359416,monsoon,6,19,Dusk/Dawn,Clear,True,4665.0,79.9,True,,Working,51.0,105.0,3.0,159.0,2.0,,False,,,,4665
L007,2025-07-06 20:00:00,Telangana,highway,8,119,True,medium,0.222,17.268045,78.359416,monsoon,6,20,Night,Rain,True,2690.0,91.9,True,,Working,85.0,75.0,6.0,166.0,1.0,,False,,,,2690
L007,2025-07-06 21:00:00,Telangana,highway,8,119,True,medium,0.222,17.268045,78.359416,monsoon,6,21,Night,Thunderstorm,True,2523.0,98.1,True,,Blinking,,,,,,,False,,,,2523
L007,2025-07-06 22:00:00,Telangana,highway,8,119,True,medium,0.222,17.268045,78.359416,monsoon,6,22,Night,Clear,True,3474.0,99.2,True,,Working,102.0,44.0,5.0,151.0,1.0,,False,,,,3474
L007,2025-07-06 23:00:00,Telangana,highway,8,119,True,medium,0.222,17.268045,78.359416,monsoon,6,23,Night,Rain,False,4152.0,83.0,False,,Working,76.0,53.0,8.0,137.0,1.0,,False,,,,4152
L007,2025-07-07 00:00:00,Telangana,highway,8,119,True,medium,0.222,17.268045,78.359416,monsoon,0,0,Night,Clear,False,3410.0,100.6,False,,Working,102.0,40.0,7.0,149.0,0.0,,False,,,,3410
L007,2025-07-07 01:00:00,Telangana,highway,8,119,True,medium,0.222,17.268045,78.359416,monsoon,0,1,Night,Clear,False,3060.0,96.6,False,,Off,,,,,,,False,,,,3060
L007,2025-07-07 02:00:00,Telangana,highway,8,119,True,medium,0.222,17.268045,78.359416,monsoon,0,2,Night,Thunderstorm,False,1390.0,102.3,False,,Working,99.0,64.0,6.0,169.0,1.0,,False,,,,1390
L007,2025-07-07 03:00:00,Telangana,highway,8,119,True,medium,0.222,17.268045,78.359416,monsoon,0,3,Night,Thunderstorm,False,1012.0,103.7,False,,Working,47.0,97.0,8.0,152.0,1.0,,False,,,,1012
L007,2025-07-07 04:00:00,Telangana,highway,8,119,True,medium,0.222,17.268045,78.359416,monsoon,0,4,Night,Clear,False,1499.0,104.9,False,,Working,43.0,65.0,3.0,111.0,0.0,,False,,,,1499
L007,2025-07-07 05:00:00,Telangana,highway,8,119,True,medium,0.222,17.268045,78.359416,monsoon,0,5,Dusk/Dawn,Thunderstorm,False,2440.0,97.7,False,,Working,93.0,50.0,6.0,149.0,0.0,,False,,,,2440
L007,2025-07-07 06:00:00,Telangana,highway,8,119,True,medium,0.222,17.268045,78.359416,monsoon,0,6,Day,Rain,True,6905.0,69.7,True,,Working,62.0,100.0,5.0,167.0,0.0,,False,,,,6905
L007,2025-07-07 07:00:00,Telangana,highway,8,119,True,medium,0.222,17.268045,78.359416,monsoon,0,7,Day,Rain,True,5031.0,77.5,True,,Working,70.0,63.0,3.0,136.0,0.0,,False,,,,5031
L007,2025-07-07 08:00:00,Telangana,highway,8,119,True,medium,0.222,17.268045,78.359416,monsoon,0,8,Day,Rain,True,2244.0,80.8,True,,Working,59.0,80.0,65.0,143.0,0.0,sig_glitch,False,,,,2244
L007,2025-07-07 09:00:00,Telangana,highway,8,119,True,medium,0.222,17.268045,78.359416,monsoon,0,9,Day,Rain,True,3261.0,74.7,True,,Working,116.0,80.0,6.0,202.0,2.0,,False,,,,3261
L007,2025-07-07 10:00:00,Telangana,highway,8,119,True,medium,0.222,17.268045,78.359416,monsoon,0,10,Day,Rain,False,3293.0,77.9,False,,Working,72.0,84.0,6.0,162.0,0.0,,False,,,,3293
L007,2025-07-07 11:00:00,Telangana,highway,8,119,True,medium,0.222,17.268045,78.359416,monsoon,0,11,Day,Rain,False,2659.0,72.7,False,,Working,68.0,86.0,5.0,159.0,0.0,,False,,,,2659
L007,2025-07-07 12:00:00,Telangana,highway,8,119,True,medium,0.222,17.268045,78.359416,monsoon,0,12,Day,Clear,False,1543.0,93.2,False,,Working,47.0,65.0,3.0,115.0,2.0,,False,,,,1543
L007,2025-07-07 13:00:00,Telangana,highway,8,119,True,medium,0.222,17.268045,78.359416,monsoon,0,13,Day,Clear,False,,,,,Working,87.0,65.0,7.0,159.0,0.0,,False,,,,2019
L007,2025-07-07 14:00:00,Telangana,highway,8,119,True,medium,0.222,17.268045,78.359416,monsoon,0,14,Day,Clear,False,3405.0,92.3,False,,Working,53.0,64.0,5.0,122.0,0.0,,False,,,,3405
L007,2025-07-07 15:00:00,Telangana,highway,8,119,True,medium,0.222,17.268045,78.359416,monsoon,0,15,Day,Rain,False,1051.0,93.1,False,,Working,117.0,30.0,4.0,151.0,0.0,,False,,,,1051
L007,2025-07-07 16:00:00,Telangana,highway,8,119,True,medium,0.222,17.268045,78.359416,monsoon,0,16,Day,Clear,False,3829.0,77.6,False,,Working,60.0,71.0,5.0,136.0,0.0,,False,,,,3829
L007,2025-07-07 17:00:00,Telangana,highway,8,119,True,medium,0.222,17.268045,78.359416,monsoon,0,17,Day,Rain,False,1607.0,91.8,False,,Working,118.0,53.0,7.0,178.0,3.0,,False,,,,1607
L007,2025-07-07 18:00:00,Telangana,highway,8,119,True,medium,0.222,17.268045,78.359416,monsoon,0,18,Day,Thunderstorm,True,1614.0,87.3,True,,Working,96.0,90.0,3.0,189.0,0.0,,False,,,,1614
L007,2025-07-07 19:00:00,Telangana,highway,8,119,True,medium,0.222,17.268045,78.359416,monsoon,0,19,Dusk/Dawn,Clear,True,5770.0,86.3,True,,Working,74.0,52.0,4.0,130.0,2.0,,False,,,,5770
L007,2025-07-07 20:00:00,Telangana,highway,8,119,True,medium,0.222,17.268045,78.359416,monsoon,0,20,Night,Rain,True,5907.0,84.5,True,,Working,117.0,34.0,8.0,159.0,2.0,,True,Minor,3.0,Overspeeding,5907
L007,2025-07-07 21:00:00,Telangana,highway,8,119,True,medium,0.222,17.268045,78.359416,monsoon,0,21,Night,Rain,True,4519.0,76.2,True,,Working,47.0,58.0,3.0,108.0,1.0,,False,,,,4519
L007,2025-07-07 22:00:00,Telangana,highway,8,119,True,medium,0.222,17.268045,78.359416,monsoon,0,22,Night,Rain,True,3084.0,84.1,True,,Working,35.0,65.0,5.0,105.0,0.0,,False,,,,3084
L007,2025-07-07 23:00:00,Telangana,highway,8,119,True,medium,0.222,17.268045,78.359416,monsoon,0,23,Night,Clear,False,1671.0,104.9,False,,Working,39.0,43.0,10.0,92.0,0.0,,False,,,,1671
L008,2025-07-01 00:00:00,Telangana,urban,4,49,True,high,0.605,17.515906,78.829084,monsoon,1,0,Night,Rain,False,857.0,20.0,False,,Working,51.0,64.0,5.0,120.0,2.0,,False,,,,857
L008,2025-07-01 01:00:00,Telangana,urban,4,49,True,high,0.605,17.515906,78.829084,monsoon,1,1,Night,Rain,False,1055.0,11.7,False,,Working,25.0,57.0,5.0,87.0,0.0,,False,,,,1055
L008,2025-07-01 02:00:00,Telangana,urban,4,49,True,high,0.605,17.515906,78.829084,monsoon,1,2,Night,Thunderstorm,False,452.0,19.8,False,,Working,27.0,36.0,3.0,66.0,0.0,,False,,,,452