location_id,timestamp,state,road_type,lane_count,speed_limit_kmph,has_signal,enforcement_level,blackspot_score,latitude,longitude,season,day_of_week,hour_of_day,lighting,weather,is_peak,vehicle_count_per_hr,avg_speed_kmph,peak,traffic_data_quality_flag,signal_status,green_duration_s,red_duration_s,yellow_duration_s,cycle_time_s,violations_count,signal_data_quality_flag,accident_occurred,severity,vehicles_involved,cause,veh_count_at_accident
L008,2025-07-01 03:00:00,Telangana,urban,4,49,True,high,0.605,17.515906,78.829084,monsoon,1,3,Night,Rain,False,643.0,21.5,False,,Working,37.0,69.0,4.0,110.0,0.0,,False,,,,643
L008,2025-07-01 04:00:00,Telangana,urban,4,49,True,high,0.605,17.515906,78.829084,monsoon,1,4,Night,Rain,False,754.0,11.0,False,,Working,34.0,116.0,5.0,155.0,1.0,,False,,,,754
L008,2025-07-01 05:00:00,Telangana,urban,4,49,True,high,0.605,17.515906,78.829084,monsoon,1,5,Dusk/Dawn,Rain,False,498.0,28.8,False,,Working,73.0,45.0,3.0,121.0,2.0,,False,,,,498
L008,2025-07-01 06:00:00,Telangana,urban,4,49,True,high,0.605,17.515906,78.829084,monsoon,1,6,Day,Rain,False,441.0,21.4,False,,Working,63.0,106.0,3.0,172.0,1.0,,False,,,,441
L008,2025-07-01 07:00:00,Telangana,urban,4,49,True,high,0.605,17.515906,78.829084,monsoon,1,7,Day,Rain,False,621.0,,False,,Working,65.0,112.0,5.0,182.0,0.0,,False,,,,621
L008,2025-07-01 08:00:00,Telangana,urban,4,49,True,high,0.605,17.515906,78.829084,monsoon,1,8,Day,Clear,True,1900.0,16.7,True,,Working,0.0,95.0,5.0,165.0,2.0,sig_glitch,False,,,,1900
L008,2025-07-01 09:00:00,Telangana,urban,4,49,True,high,0.605,17.515906,78.829084,monsoon,1,9,Day,Thunderstorm,True,858.0,13.1,True,,Working,39.0,32.0,3.0,74.0,0.0,,False,,,,858
L008,2025-07-01 10:00:00,Telangana,urban,4,49,True,high,0.605,17.515906,78.829084,monsoon,1,10,Day,Rain,True,920.0,23.7,True,,Working,71.0,85.0,3.0,159.0,0.0,,True,Minor,2.0,Weather-related,920
L008,2025-07-01 11:00:00,Telangana,urban,4,49,True,high,0.605,17.515906,78.829084,monsoon,1,11,Day,Rain,True,1846.0,14.6,True,,Blinking,,,,,,,False,,,,1846
L008,2025-07-01 12:00:00,Telangana,urban,4,49,True,high,0.605,17.515906,78.829084,monsoon,1,12,Day,Clear,False,593.0,,False,,Working,47.0,98.0,3.0,148.0,2.0,,False,,,,593
L008,2025-07-01 13:00:00,Telangana,urban,4,49,True,high,0.605,17.515906,78.829084,monsoon,1,13,Day,Rain,False,810.0,15.2,False,,Working,43.0,51.0,4.0,98.0,1.0,,True,Minor,5.0,Weather-related,810
L008,2025-07-01 14:00:00,Telangana,urban,4,49,True,high,0.605,17.515906,78.829084,monsoon,1,14,Day,Rain,False,661.0,20.8,False,,Off,,,,,,,False,,,,661
L008,2025-07-01 15:00:00,Telangana,urban,4,49,True,high,0.605,17.515906,78.829084,monsoon,1,15,Day,Rain,False,803.0,9.6,False,,Working,84.0,44.0,3.0,131.0,2.0,,False,,,,803
L008,2025-07-01 16:00:00,Telangana,urban,4,49,True,high,0.605,17.515906,78.829084,monsoon,1,16,Day,Clear,False,636.0,31.5,False,,Blinking,,,,,,,False,,,,636
L008,2025-07-01 17:00:00,Telangana,urban,4,49,True,high,0.605,17.515906,78.829084,monsoon,1,17,Day,Rain,True,783.0,12.7,True,,Working,42.0,93.0,3.0,138.0,0.0,,False,,,,783
L008,2025-07-01 18:00:00,Telangana,urban,4,49,True,high,0.605,17.515906,78.829084,monsoon,1,18,Day,Thunderstorm,True,1311.0,24.9,True,,Working,60.0,37.0,6.0,103.0,1.0,,False,,,,1311
L008,2025-07-01 19:00:00,Telangana,urban,4,49,True,high,0.605,17.515906,78.829084,monsoon,1,19,Dusk/Dawn,Clear,True,986.0,17.5,True,,Working,82.0,34.0,4.0,120.0,0.0,,True,Major,2.0,Overspeeding,986
L008,2025-07-01 20:00:00,Telangana,urban,4,49,True,high,0.605,17.515906,78.829084,monsoon,1,20,Night,Thunderstorm,True,898.0,19.2,True,,Working,26.0,118.0,3.0,147.0,1.0,,False,,,,898
L008,2025-07-01 21:00:00,Telangana,urban,4,49,True,high,0.605,17.515906,78.829084,monsoon,1,21,Night,Rain,True,789.0,21.9,True,,Working,40.0,83.0,9.0,132.0,1.0,,False,,,,789
L008,2025-07-01 22:00:00,Telangana,urban,4,49,True,high,0.605,17.515906,78.829084,monsoon,1,22,Night,Rain,False,2120.0,20.4,False,veh_spike,Working,28.0,38.0,9.0,75.0,0.0,,False,,,,2120
L008,2025-07-01 23:00:00,Telangana,urban,4,49,True,high,0.605,17.515906,78.829084,monsoon,1,23,Night,Rain,False,229.0,26.7,False,,Working,65.0,109.0,6.0,180.0,4.0,,False,,,,229
L008,2025-07-02 00:00:00,Telangana,urban,4,49,True,high,0.605,17.515906,78.829084,monsoon,2,0,Night,Rain,False,672.0,13.2,False,,Off,,,,,,,False,,,,672
L008,2025-07-02 01:00:00,Telangana,urban,4,49,True,high,0.605,17.515906,78.829084,monsoon,2,1,Night,Rain,False,546.0,15.9,False,,Working,87.0,79.0,8.0,174.0,1.0,,False,,,,546
L008,2025-07-02 02:00:00,Telangana,urban,4,49,True,high,0.605,17.515906,78.829084,monsoon,2,2,Night,Rain,False,443.0,18.4,False,,Off,,,,,,,True,Minor,2.0,Weather-related,443
L008,2025-07-02 03:00:00,Telangana,urban,4,49,True,high,0.605,17.515906,78.829084,monsoon,2,3,Night,Rain,False,1129.0,13.0,False,,Working,84.0,63.0,6.0,153.0,0.0,,False,,,,1129
L008,2025-07-02 04:00:00,Telangana,urban,4,49,True,high,0.605,17.515906,78.829084,monsoon,2,4,Night,Clear,False,564.0,27.7,False,,Working,78.0,119.0,10.0,207.0,0.0,,False,,,,564
L008,2025-07-02 05:00:00,Telangana,urban,4,49,True,high,0.605,17.515906,78.829084,monsoon,2,5,Dusk/Dawn,Rain,False,489.0,20.8,False,,Working,50.0,52.0,3.0,105.0,0.0,,False,,,,489
L008,2025-07-02 06:00:00,Telangana,urban,4,49,True,high,0.605,17.515906,78.829084,monsoon,2,6,Day,Rain,False,991.0,17.2,False,,Working,47.0,103.0,6.0,156.0,1.0,,False,,,,991
L008,2025-07-02 07:00:00,Telangana,urban,4,49,True,high,0.605,17.515906,78.829084,monsoon,2,7,Day,Rain,False,268.0,21.9,False,,Off,,,,,,,False,,,,268
L008,2025-07-02 08:00:00,Telangana,urban,4,49,True,high,0.605,17.515906,78.829084,monsoon,2,8,Day,Rain,True,717.0,14.8,True,,Working,61.0,90.0,5.0,156.0,1.0,,False,,,,717
L008,2025-07-02 09:00:00,Telangana,urban,4,49,True,high,0.605,17.515906,78.829084,monsoon,2,9,Day,Rain,True,1052.0,14.4,True,,Off,,,,,,,False,,,,1052
L008,2025-07-02 10:00:00,Telangana,urban,4,49,True,high,0.605,17.515906,78.829084,monsoon,2,10,Day,Rain,True,1382.0,,True,,Working,81.0,101.0,4.0,186.0,1.0,,False,,,,1382
L008,2025-07-02 11:00:00,Telangana,urban,4,49,True,high,0.605,17.515906,78.829084,monsoon,2,11,Day,Clear,True,2885.0,7.4,True,,Working,37.0,108.0,3.0,148.0,2.0,,False,,,,2885
L008,2025-07-02 12:00:00,Telangana,urban,4,49,True,high,0.605,17.515906,78.829084,monsoon,2,12,Day,Rain,False,617.0,24.6,False,,Working,27.0,83.0,6.0,116.0,0.0,,False,,,,617
L008,2025-07-02 13:00:00,Telangana,urban,4,49,True,high,0.605,17.515906,78.829084,monsoon,2,13,Day,Clear,False,410.0,29.5,False,,Working,41.0,66.0,4.0,111.0,0.0,,False,,,,410
L008,2025-07-02 14:00:00,Telangana,urban,4,49,True,high,0.605,17.515906,78.829084,monsoon,2,14,Day,Clear,False,488.0,24.2,False,,Working,32.0,96.0,6.0,134.0,1.0,,False,,,,488
L008,2025-07-02 15:00:00,Telangana,urban,4,49,True,high,0.605,17.515906,78.829084,monsoon,2,15,Day,Rain,False,623.0,25.9,False,,Working,28.0,86.0,5.0,119.0,0.0,,False,,,,623
L008,2025-07-02 16:00:00,Telangana,urban,4,49,True,high,0.605,17.515906,78.829084,monsoon,2,16,Day,Rain,False,1069.0,30.2,False,,Working,25.0,48.0,7.0,80.0,0.0,,False,,,,1069
L008,2025-07-02 17:00:00,Telangana,urban,4,49,True,high,0.605,17.515906,78.829084,monsoon,2,17,Day,Rain,True,1998.0,5.0,True,,Blinking,,,,,,,False,,,,1998
L008,2025-07-02 18:00:00,Telangana,urban,4,49,True,high,0.605,17.515906,78.829084,monsoon,2,18,Day,Rain,True,1233.0,19.1,True,,Working,59.0,41.0,3.0,103.0,2.0,,False,,,,1233
L008,2025-07-02 19:00:00,Telangana,urban,4,49,True,high,0.605,17.515906,78.829084,monsoon,2,19,Dusk/Dawn,Rain,True,2281.0,6.4,True,,Working,31.0,40.0,7.0,78.0,1.0,,False,,,,2281
L008,2025-07-02 20:00:00,Telangana,urban,4,49,True,high,0.605,17.515906,78.829084,monsoon,2,20,Night,Clear,True,1353.0,22.6,True,,Off,,,,,,,False,,,,1353
L008,2025-07-02 21:00:00,Telangana,urban,4,49,True,high,0.605,17.515906,78.829084,monsoon,2,21,Night,Rain,True,607.0,13.1,True,,Working,73.0,44.0,7.0,124.0,1.0,,True,Minor,1.0,Weather-related,607
L008,2025-07-02 22:00:00,Telangana,urban,4,49,True,high,0.605,17.515906,78.829084,monsoon,2,22,Night,Clear,False,418.0,33.7,False,,Working,72.0,97.0,3.0,172.0,0.0,,False,,,,418
L008,2025-07-02 23:00:00,Telangana,urban,4,49,True,high,0.605,17.515906,78.829084,monsoon,2,23,Night,Clear,False,885.0,20.4,False,,Working,26.0,106.0,10.0,142.0,0.0,,False,,,,885
L008,2025-07-03 00:00:00,Telangana,urban,4,49,True,high,0.605,17.515906,78.829084,monsoon,3,0,Night,Rain,False,670.0,15.8,False,,Working,56.0,96.0,5.0,157.0,0.0,,False,,,,670
L008,2025-07-03 01:00:00,Telangana,urban,4,49,True,high,0.605,17.515906,78.829084,monsoon,3,1,Night,Rain,False,353.0,23.4,False,,Working,49.0,82.0,9.0,140.0,1.0,,False,,,,353
L008,2025-07-03 02:00:00,Telangana,urban,4,49,True,high,0.605,17.515906,78.829084,monsoon,3,2,Night,Rain,False,506.0,19.1,False,,Working,73.0,73.0,10.0,156.0,0.0,,False,,,,506
L008,2025-07-03 03:00:00,Telangana,urban,4,49,True,high,0.605,17.515906,78.829084,monsoon,3,3,Night,Rain,False,669.0,22.2,False,,Working,40.0,120.0,4.0,164.0,1.0,,False,,,,669
L008,2025-07-03 04:00:00,Telangana,urban,4,49,True,high,0.605,17.515906,78.829084,monsoon,3,4,Night,Rain,False,625.0,16.3,False,,Working,39.0,95.0,65.0,140.0,0.0,sig_glitch,True,Minor,2.0,Weather-related,625
L008,2025-07-03 05:00:00,Telangana,urban,4,49,True,high,0.605,17.515906,78.829084,monsoon,3,5,Dusk/Dawn,Rain,False,617.0,16.2,False,,Working,77.0,109.0,6.0,192.0,1.0,,False,,,,617
L008,2025-07-03 06:00:00,Telangana,urban,4,49,True,high,0.605,17.515906,78.829084,monsoon,3,6,Day,Rain,False,320.0,29.3,False,,Off,,,,,,,False,,,,320
L008,2025-07-03 07:00:00,Telangana,urban,4,49,True,high,0.605,17.515906,78.829084,monsoon,3,7,Day,Rain,False,508.0,28.5,False,,Working,75.0,42.0,3.0,120.0,0.0,,False,,,,508
L008,2025-07-03 08:00:00,Telangana,urban,4,49,True,high,0.605,17.515906,78.829084,monsoon,3,8,Day,Clear,True,1415.0,23.5,True,,Working,69.0,47.0,7.0,123.0,0.0,,False,,,,1415
L008,2025-07-03 09:00:00,Telangana,urban,4,49,True,high,0.605,17.515906,78.829084,monsoon,3,9,Day,Clear,True,2589.0,5.0,True,,Working,61.0,62.0,4.0,127.0,0.0,,False,,,,2589
L008,2025-07-03 10:00:00,Telangana,urban,4,49,True,high,0.605,17.515906,78.829084,monsoon,3,10,Day,Rain,True,1346.0,12.8,True,,Off,,,,,,,False,,,,1346
L008,2025-07-03 11:00:00,Telangana,urban,4,49,True,high,0.605,17.515906,78.829084,monsoon,3,11,Day,Rain,True,1545.0,5.0,True,,Blinking,,,,,,,False,,,,1545
L008,2025-07-03 12:00:00,Telangana,urban,4,49,True,high,0.605,17.515906,78.829084,monsoon,3,12,Day,Rain,False,286.0,38.2,False,,Working,85.0,86.0,5.0,176.0,0.0,,False,,,,286
L008,2025-07-03 13:00:00,Telangana,urban,4,49,True,high,0.605,17.515906,78.829084,monsoon,3,13,Day,Rain,False,674.0,,False,,Working,69.0,44.0,3.0,116.0,2.0,,False,,,,674
L008,2025-07-03 14:00:00,Telangana,urban,4,49,True,high,0.605,17.515906,78.829084,monsoon,3,14,Day,Rain,False,274.0,32.6,False,,Working,63.0,96.0,6.0,165.0,0.0,,False,,,,274
L008,2025-07-03 15:00:00,Telangana,urban,4,49,True,high,0.605,17.515906,78.829084,monsoon,3,15,Day,Rain,False,0.0,0.0,False,veh_dropout,Working,29.0,81.0,7.0,117.0,0.0,,False,,,,0
L008,2025-07-03 16:00:00,Telangana,urban,4,49,True,high,0.605,17.515906,78.829084,monsoon,3,16,Day,Rain,False,916.0,11.7,False,,Working,83.0,54.0,6.0,143.0,0.0,,False,,,,916
L008,2025-07-03 17:00:00,Telangana,urban,4,49,True,high,0.605,17.515906,78.829084,monsoon,3,17,Day,Rain,True,970.0,27.1,True,,Working,71.0,64.0,6.0,141.0,0.0,,False,,,,970
L008,2025-07-03 18:00:00,Telangana,urban,4,49,True,high,0.605,17.515906,78.829084,monsoon,3,18,Day,Thunderstorm,True,549.0,28.0,True,,Working,82.0,52.0,5.0,139.0,0.0,,False,,,,549
L008,2025-07-03 19:00:00,Telangana,urban,4,49,True,high,0.605,17.515906,78.829084,monsoon,3,19,Dusk/Dawn,Clear,True,1921.0,5.2,True,,Working,77.0,97.0,3.0,177.0,2.0,,True,Minor,4.0,Signal skip,1921
L008,2025-07-03 20:00:00,Telangana,urban,4,49,True,high,0.605,17.515906,78.829084,monsoon,3,20,Night,Clear,True,2626.0,5.0,True,,Working,55.0,85.0,10.0,150.0,0.0,,False,,,,2626
L008,2025-07-03 21:00:00,Telangana,urban,4,49,True,high,0.605,17.515906,78.829084,monsoon,3,21,Night,Clear,True,1390.0,21.4,True,,Working,29.0,59.0,8.0,96.0,3.0,,False,,,,1390
L008,2025-07-03 22:00:00,Telangana,urban,4,49,True,high,0.605,17.515906,78.829084,monsoon,3,22,Night,Rain,False,967.0,5.0,False,,Working,32.0,37.0,7.0,76.0,0.0,,False,,,,967
L008,2025-07-03 23:00:00,Telangana,urban,4,49,True,high,0.605,17.515906,78.829084,monsoon,3,23,Night,Rain,False,396.0,25.6,False,,Working,26.0,117.0,5.0,148.0,0.0,,False,,,,396
L008,2025-07-04 00:00:00,Telangana,urban,4,49,True,high,0.605,17.515906,78.829084,monsoon,4,0,Night,Clear,False,641.0,28.5,False,,Working,79.0,55.0,8.0,142.0,0.0,,False,,,,641
L008,2025-07-04 01:00:00,Telangana,urban,4,49,True,high,0.605,17.515906,78.829084,monsoon,4,1,Night,Thunderstorm,False,468.0,35.8,False,,Working,26.0,55.0,8.0,89.0,0.0,,False,,,,468
L008,2025-07-04 02:00:00,Telangana,urban,4,49,True,high,0.605,17.515906,78.829084,monsoon,4,2,Night,Clear,False,629.0,25.5,False,,Working,86.0,107.0,8.0,201.0,1.0,,False,,,,629
L008,2025-07-04 03:00:00,Telangana,urban,4,49,True,high,0.605,17.515906,78.829084,monsoon,4,3,Night,Thunderstorm,False,398.0,28.8,False,,Working,83.0,57.0,4.0,144.0,1.0,,False,,,,398
L008,2025-07-04 04:00:00,Telangana,urban,4,49,True,high,0.605,17.515906,78.829084,monsoon,4,4,Night,Rain,False,738.0,13.4,False,,Working,68.0,95.0,4.0,167.0,1.0,,False,,,,738
L008,2025-07-04 05:00:00,Telangana,urban,4,49,True,high,0.605,17.515906,78.829084,monsoon,4,5,Dusk/Dawn,Clear,False,322.0,34.4,False,,Off,,,,,,,False,,,,322
L008,2025-07-04 06:00:00,Telangana,urban,4,49,True,high,0.605,17.515906,78.829084,monsoon,4,6,Day,Rain,False,667.0,20.8,False,,Working,77.0,64.0,6.0,147.0,0.0,,False,,,,667
L008,2025-07-04 07:00:00,Telangana,urban,4,49,True,high,0.605,17.515906,78.829084,monsoon,4,7,Day,Clear,False,1091.0,20.2,False,,Working,85.0,79.0,7.0,171.0,1.0,,False,,,,1091
L008,2025-07-04 08:00:00,Telangana,urban,4,49,True,high,0.605,17.515906,78.829084,monsoon,4,8,Day,Clear,True,1054.0,,True,,Working,64.0,101.0,6.0,171.0,0.0,,False,,,,1054
L008,2025-07-04 09:00:00,Telangana,urban,4,49,True,high,0.605,17.515906,78.829084,monsoon,4,9,Day,Clear,True,2138.0,,True,,Working,82.0,114.0,7.0,203.0,0.0,,True,Minor,1.0,Overspeeding,2138
L008,2025-07-04 10:00:00,Telangana,urban,4,49,True,high,0.605,17.515906,78.829084,monsoon,4,10,Day,Rain,True,1448.0,14.6,True,,Working,30.0,45.0,6.0,81.0,1.0,,False,,,,1448
L008,2025-07-04 11:00:00,Telangana,urban,4,49,True,high,0.605,17.515906,78.829084,monsoon,4,11,Day,Rain,True,931.0,16.0,True,,Working,43.0,105.0,7.0,155.0,0.0,,True,Minor,3.0,Weather-related,931
L008,2025-07-04 12:00:00,Telangana,urban,4,49,True,high,0.605,17.515906,78.829084,monsoon,4,12,Day,Clear,False,768.0,31.0,False,,Working,44.0,38.0,7.0,89.0,0.0,,False,,,,768
L008,2025-07-04 13:00:00,Telangana,urban,4,49,True,high,0.605,17.515906,78.829084,monsoon,4,13,Day,Rain,False,657.0,25.8,False,,Working,53.0,112.0,5.0,170.0,2.0,,False,,,,657
L008,2025-07-04 14:00:00,Telangana,urban,4,49,True,high,0.605,17.515906,78.829084,monsoon,4,14,Day,Rain,False,959.0,,False,,Working,36.0,61.0,4.0,101.0,1.0,,False,,,,959
L008,2025-07-04 15:00:00,Telangana,urban,4,49,True,high,0.605,17.515906,78.829084,monsoon,4,15,Day,Clear,False,907.0,19.1,False,,Working,79.0,81.0,5.0,165.0,2.0,,False,,,,907
L008,2025-07-04 16:00:00,Telangana,urban,4,49,True,high,0.605,17.515906,78.829084,monsoon,4,16,Day,Rain,False,451.0,25.1,False,,Off,,,,,,,False,,,,451
L008,2025-07-04 17:00:00,Telangana,urban,4,49,True,high,0.605,17.515906,78.829084,monsoon,4,17,Day,Clear,True,3032.0,16.4,True,,Working,76.0,100.0,5.0,181.0,1.0,,False,,,,3032
L008,2025-07-04 18:00:00,Telangana,urban,4,49,True,high,0.605,17.515906,78.829084,monsoon,4,18,Day,Clear,True,1701.0,8.1,True,,Working,30.0,111.0,3.0,144.0,0.0,,False,,,,1701
L008,2025-07-04 19:00:00,Telangana,urban,4,49,True,high,0.605,17.515906,78.829084,monsoon,4,19,Dusk/Dawn,Rain,True,914.0,,True,,Working,74.0,111.0,7.0,192.0,0.0,,False,,,,914
L008,2025-07-04 20:00:00,Telangana,urban,4,49,True,high,0.605,17.515906,78.829084,monsoon,4,20,Night,Clear,True,1351.0,10.6,True,,Working,65.0,104.0,9.0,178.0,0.0,,False,,,,1351
L008,2025-07-04 21:00:00,Telangana,urban,4,49,True,high,0.605,17.515906,78.829084,monsoon,4,21,Night,Rain,True,834.0,11.3,True,,Working,35.0,89.0,9.0,133.0,0.0,,False,,,,834
L008,2025-07-04 22:00:00,Telangana,urban,4,49,True,high,0.605,17.515906,78.829084,monsoon,4,22,Night,Rain,False,421.0,21.4,False,,Working,67.0,69.0,10.0,146.0,0.0,,False,,,,421
L008,2025-07-04 23:00:00,Telangana,urban,4,49,True,high,0.605,17.515906,78.829084,monsoon,4,23,Night,Clear,False,1310.0,14.1,False,,Working,68.0,101.0,5.0,174.0,0.0,,False,,,,1310
L008,2025-07-05 00:00:00,Telangana,urban,4,49,True,high,0.605,17.515906,78.829084,monsoon,5,0,Night,Rain,False,339.0,18.7,False,,Working,82.0,84.0,3.0,169.0,2.0,,False,,,,339
L008,2025-07-05 01:00:00,Telangana,urban,4,49,True,high,0.605,17.515906,78.829084,monsoon,5,1,Night,Clear,False,994.0,18.2,False,,Working,85.0,98.0,4.0,187.0,0.0,,False,,,,994
L008,2025-07-05 02:00:00,Telangana,urban,4,49,True,high,0.605,17.515906,78.829084,monsoon,5,2,Night,Thunderstorm,False,813.0,10.7,False,,Working,45.0,32.0,10.0,87.0,1.0,,False,,,,813
L008,2025-07-05 03:00:00,Telangana,urban,4,49,True,high,0.605,17.515906,78.829084,monsoon,5,3,Night,Rain,False,571.0,10.4,False,,Working,90.0,120.0,8.0,218.0,1.0,,True,Minor,2.0,Weather-related,571
L008,2025-07-05 04:00:00,Telangana,urban,4,49,True,high,0.605,17.515906,78.829084,monsoon,5,4,Night,Rain,False,610.0,15.9,False,,Blinking,,,,,,,False,,,,610
L008,2025-07-05 05:00:00,Telangana,urban,4,49,True,high,0.605,17.515906,78.829084,monsoon,5,5,Dusk/Dawn,Rain,False,767.0,19.9,False,,Working,87.0,60.0,5.0,152.0,0.0,,False,,,,767
L008,2025-07-05 06:00:00,Telangana,urban,4,49,True,high,0.605,17.515906,78.829084,monsoon,5,6,Day,Clear,False,783.0,25.2,False,,Working,84.0,44.0,5.0,133.0,0.0,,False,,,,783
L008,2025-07-05 07:00:00,Telangana,urban,4,49,True,high,0.605,17.515906,78.829084,monsoon,5,7,Day,Rain,False,831.0,15.3,False,,Working,64.0,107.0,7.0,178.0,0.0,,False,,,,831
L008,2025-07-05 08:00:00,Telangana,urban,4,49,True,high,0.605,17.515906,78.829084,monsoon,5,8,Day,Rain,True,1058.0,11.4,True,,Working,80.0,83.0,7.0,170.0,0.0,,True,Minor,1.0,Weather-related,1058
L008,2025-07-05 09:00:00,Telangana,urban,4,49,True,high,0.605,17.515906,78.829084,monsoon,5,9,Day,Rain,True,1376.0,17.0,True,,Working,25.0,115.0,5.0,145.0,0.0,,False,,,,1376
L008,2025-07-05 10:00:00,Telangana,urban,4,49,True,high,0.605,17.515906,78.829084,monsoon,5,10,Day,Clear,False,801.0,26.9,False,,Working,69.0,69.0,4.0,142.0,0.0,,False,,,,801
L008,2025-07-05 11:00:00,Telangana,urban,4,49,True,high,0.605,17.515906,78.829084,monsoon,5,11,Day,Rain,True,1042.0,6.1,True,,Working,90.0,104.0,3.0,197.0,0.0,,False,,,,1042
L008,2025-07-05 12:00:00,Telangana,urban,4,49,True,high,0.605,17.515906,78.829084,monsoon,5,12,Day,Rain,False,720.0,11.3,False,,Working,50.0,50.0,3.0,103.0,1.0,,False,,,,720
L008,2025-07-05 13:00:00,Telangana,urban,4,49,True,high,0.605,17.515906,78.829084,monsoon,5,13,Day,Thunderstorm,False,265.0,43.6,False,,Working,38.0,101.0,7.0,146.0,0.0,,False,,,,265
L008,2025-07-05 14:00:00,Telangana,urban,4,49,True,high,0.605,17.515906,78.829084,monsoon,5,14,Day,Rain,False,526.0,19.6,False,,Working,46.0,73.0,3.0,122.0,0.0,,False,,,,526
L008,2025-07-05 15:00:00,Telangana,urban,4,49,True,high,0.605,17.515906,78.829084,monsoon,5,15,Day,Clear,False,1042.0,16.0,False,,Working,84.0,32.0,5.0,121.0,1.0,,False,,,,1042
L008,2025-07-05 16:00:00,Telangana,urban,4,49,True,high,0.605,17.515906,78.829084,monsoon,5,16,Day,Rain,False,433.0,24.0,False,,Working,52.0,44.0,3.0,99.0,2.0,,False,,,,433
L008,2025-07-05 17:00:00,Telangana,urban,4,49,True,high,0.605,17.515906,78.829084,monsoon,5,17,Day,Rain,False,486.0,24.0,False,,Working,78.0,97.0,7.0,182.0,1.0,,False,,,,486
L008,2025-07-05 18:00:00,Telangana,urban,4,49,True,high,0.605,17.515906,78.829084,monsoon,5,18,Day,Rain,True,2538.0,7.1,True,,Working,78.0,40.0,3.0,121.0,1.0,,False,,,,2538
L008,2025-07-05 19:00:00,Telangana,urban,4,49,True,high,0.605,17.515906,78.829084,monsoon,5,19,Dusk/Dawn,Rain,False,677.0,23.0,False,,Working,80.0,79.0,4.0,163.0,0.0,,False,,,,677
L008,2025-07-05 20:00:00,Telangana,urban,4,49,True,high,0.605,17.515906,78.829084,monsoon,5,20,Night,Rain,True,1562.0,13.8,True,,Working,37.0,44.0,3.0,84.0,1.0,,True,Minor,4.0,Rear-end / Following too close,1562
L008,2025-07-05 21:00:00,Telangana,urban,4,49,True,high,0.605,17.515906,78.829084,monsoon,5,21,Night,Rain,False,3370.0,17.2,False,veh_spike,Off,,,,,,,False,,,,3370
L008,2025-07-05 22:00:00,Telangana,urban,4,49,True,high,0.605,17.515906,78.829084,monsoon,5,22,Night,Rain,False,1231.0,11.1,False,,Working,35.0,37.0,3.0,75.0,0.0,,False,,,,1231
L008,2025-07-05 23:00:00,Telangana,urban,4,49,True,high,0.605,17.515906,78.829084,monsoon,5,23,Night,Clear,False,486.0,27.2,False,,Working,26.0,93.0,6.0,125.0,1.0,,False,,,,486
L008,2025-07-06 00:00:00,Telangana,urban,4,49,True,high,0.605,17.515906,78.829084,monsoon,6,0,Night,Clear,False,663.0,25.3,False,,Working,88.0,84.0,6.0,178.0,0.0,,False,,,,663
L008,2025-07-06 01:00:00,Telangana,urban,4,49,True,high,0.605,17.515906,78.829084,monsoon,6,1,Night,Clear,False,292.0,31.0,False,,Working,29.0,54.0,4.0,87.0,2.0,,False,,,,292
L008,2025-07-06 02:00:00,Telangana,urban,4,49,True,high,0.605,17.515906,78.829084,monsoon,6,2,Night,Rain,False,369.0,23.4,False,,Working,34.0,31.0,6.0,71.0,2.0,,False,,,,369
L008,2025-07-06 03:00:00,Telangana,urban,4,49,True,high,0.605,17.515906,78.829084,monsoon,6,3,Night,Rain,False,477.0,22.7,False,,Working,45.0,76.0,3.0,124.0,2.0,,False,,,,477
L008,2025-07-06 04:00:00,Telangana,urban,4,49,True,high,0.605,17.515906,78.829084,monsoon,6,4,Night,Rain,False,636.0,11.6,False,,Working,56.0,32.0,6.0,94.0,0.0,,False,,,,636
L008,2025-07-06 05:00:00,Telangana,urban,4,49,True,high,0.605,17.515906,78.829084,monsoon,6,5,Dusk/Dawn,Clear,False,992.0,28.3,False,,Working,48.0,62.0,5.0,115.0,0.0,,False,,,,992
L008,2025-07-06 06:00:00,Telangana,urban,4,49,True,high,0.605,17.515906,78.829084,monsoon,6,6,Day,Rain,False,369.0,,False,,Working,54.0,101.0,4.0,159.0,1.0,,False,,,,369
L008,2025-07-06 07:00:00,Telangana,urban,4,49,True,high,0.605,17.515906,78.829084,monsoon,6,7,Day,Rain,False,725.0,16.9,False,,Working,52.0,50.0,6.0,108.0,0.0,,False,,,,725
L008,2025-07-06 08:00:00,Telangana,urban,4,49,True,high,0.605,17.515906,78.829084,monsoon,6,8,Day,Thunderstorm,True,521.0,30.5,True,,Working,75.0,30.0,7.0,112.0,1.0,,False,,,,521
L008,2025-07-06 09:00:00,Telangana,urban,4,49,True,high,0.605,17.515906,78.829084,monsoon,6,9,Day,Rain,False,667.0,23.1,False,,Working,33.0,61.0,5.0,99.0,0.0,,False,,,,667
L008,2025-07-06 10:00:00,Telangana,urban,4,49,True,high,0.605,17.515906,78.829084,monsoon,6,10,Day,Rain,True,1644.0,13.5,True,,Off,,,,,,,False,,,,1644
L008,2025-07-06 11:00:00,Telangana,urban,4,49,True,high,0.605,17.515906,78.829084,monsoon,6,11,Day,Rain,True,1181.0,8.4,True,,Working,27.0,64.0,4.0,95.0,0.0,,False,,,,1181