location_id,timestamp,state,road_type,lane_count,speed_limit_kmph,has_signal,enforcement_level,blackspot_score,latitude,longitude,season,day_of_week,hour_of_day,lighting,weather,is_peak,vehicle_count_per_hr,avg_speed_kmph,peak,traffic_data_quality_flag,signal_status,green_duration_s,red_duration_s,yellow_duration_s,cycle_time_s,violations_count,signal_data_quality_flag,accident_occurred,severity,vehicles_involved,cause,veh_count_at_accident
L008,2025-07-06 12:00:00,Telangana,urban,4,49,True,high,0.605,17.515906,78.829084,monsoon,6,12,Day,Thunderstorm,False,692.0,26.6,False,,Working,39.0,104.0,4.0,147.0,2.0,,False,,,,692
L008,2025-07-06 13:00:00,Telangana,urban,4,49,True,high,0.605,17.515906,78.829084,monsoon,6,13,Day,Clear,False,488.0,22.8,False,,Working,53.0,113.0,7.0,173.0,0.0,,False,,,,488
L008,2025-07-06 14:00:00,Telangana,urban,4,49,True,high,0.605,17.515906,78.829084,monsoon,6,14,Day,Clear,False,527.0,24.4,False,,Working,67.0,62.0,5.0,134.0,1.0,,False,,,,527
L008,2025-07-06 15:00:00,Telangana,urban,4,49,True,high,0.605,17.515906,78.829084,monsoon,6,15,Day,Rain,False,330.0,29.0,False,,Working,44.0,67.0,7.0,118.0,1.0,,False,,,,330
L008,2025-07-06 16:00:00,Telangana,urban,4,49,True,high,0.605,17.515906,78.829084,monsoon,6,16,Day,Rain,False,716.0,7.2,False,,Working,44.0,110.0,5.0,159.0,0.0,,False,,,,716
L008,2025-07-06 17:00:00,Telangana,urban,4,49,True,high,0.605,17.515906,78.829084,monsoon,6,17,Day,Clear,False,519.0,30.6,False,,Off,,,,,,,False,,,,519
L008,2025-07-06 18:00:00,Telangana,urban,4,49,True,high,0.605,17.515906,78.829084,monsoon,6,18,Day,Rain,False,596.0,16.4,False,,Working,31.0,31.0,3.0,65.0,0.0,,False,,,,596
L008,2025-07-06 19:00:00,Telangana,urban,4,49,True,high,0.605,17.515906,78.829084,monsoon,6,19,Dusk/Dawn,Clear,False,834.0,26.9,False,,Working,65.0,104.0,5.0,174.0,0.0,,False,,,,834
L008,2025-07-06 20:00:00,Telangana,urban,4,49,True,high,0.605,17.515906,78.829084,monsoon,6,20,Night,Rain,False,856.0,7.2,False,,Working,89.0,106.0,8.0,203.0,1.0,,False,,,,856
L008,2025-07-06 21:00:00,Telangana,urban,4,49,True,high,0.605,17.515906,78.829084,monsoon,6,21,Night,Rain,False,910.0,16.8,False,,Working,88.0,109.0,6.0,203.0,1.0,,False,,,,910
L008,2025-07-06 22:00:00,Telangana,urban,4,49,True,high,0.605,17.515906,78.829084,monsoon,6,22,Night,Clear,False,982.0,16.3,False,,Working,88.0,54.0,7.0,149.0,1.0,,False,,,,982
L008,2025-07-06 23:00:00,Telangana,urban,4,49,True,high,0.605,17.515906,78.829084,monsoon,6,23,Night,Rain,False,372.0,24.5,False,,Working,38.0,53.0,7.0,98.0,0.0,,False,,,,372
L008,2025-07-07 00:00:00,Telangana,urban,4,49,True,high,0.605,17.515906,78.829084,monsoon,0,0,Night,Clear,False,418.0,,False,,Working,89.0,67.0,4.0,160.0,1.0,,True,Major,3.0,Overspeeding,418
L008,2025-07-07 01:00:00,Telangana,urban,4,49,True,high,0.605,17.515906,78.829084,monsoon,0,1,Night,Rain,False,804.0,17.2,False,,Working,62.0,75.0,5.0,142.0,1.0,,False,,,,804
L008,2025-07-07 02:00:00,Telangana,urban,4,49,True,high,0.605,17.515906,78.829084,monsoon,0,2,Night,Rain,False,632.0,19.0,False,,Working,75.0,51.0,9.0,135.0,0.0,,False,,,,632
L008,2025-07-07 03:00:00,Telangana,urban,4,49,True,high,0.605,17.515906,78.829084,monsoon,0,3,Night,Rain,False,583.0,21.4,False,,Working,29.0,112.0,8.0,149.0,1.0,,False,,,,583
L008,2025-07-07 04:00:00,Telangana,urban,4,49,True,high,0.605,17.515906,78.829084,monsoon,0,4,Night,Rain,False,210.0,25.7,False,,Working,82.0,72.0,10.0,164.0,0.0,,False,,,,210
L008,2025-07-07 05:00:00,Telangana,urban,4,49,True,high,0.605,17.515906,78.829084,monsoon,0,5,Dusk/Dawn,Clear,False,937.0,23.0,False,,Working,61.0,87.0,7.0,155.0,1.0,,False,,,,937
L008,2025-07-07 06:00:00,Telangana,urban,4,49,True,high,0.605,17.515906,78.829084,monsoon,0,6,Day,Clear,False,722.0,,False,,Blinking,,,,,,,False,,,,722
L008,2025-07-07 07:00:00,Telangana,urban,4,49,True,high,0.605,17.515906,78.829084,monsoon,0,7,Day,Rain,False,522.0,24.1,False,,Working,47.0,40.0,4.0,91.0,2.0,,False,,,,522
L008,2025-07-07 08:00:00,Telangana,urban,4,49,True,high,0.605,17.515906,78.829084,monsoon,0,8,Day,Thunderstorm,True,2100.0,9.0,True,,Working,70.0,45.0,4.0,119.0,0.0,,False,,,,2100
L008,2025-07-07 09:00:00,Telangana,urban,4,49,True,high,0.605,17.515906,78.829084,monsoon,0,9,Day,Rain,True,1309.0,5.0,True,,Working,87.0,82.0,7.0,176.0,0.0,,False,,,,1309
L008,2025-07-07 10:00:00,Telangana,urban,4,49,True,high,0.605,17.515906,78.829084,monsoon,0,10,Day,Rain,True,1465.0,14.6,True,,Blinking,,,,,,,False,,,,1465
L008,2025-07-07 11:00:00,Telangana,urban,4,49,True,high,0.605,17.515906,78.829084,monsoon,0,11,Day,Rain,True,3100.0,5.0,True,,Working,45.0,55.0,3.0,103.0,0.0,,False,,,,3100
L008,2025-07-07 12:00:00,Telangana,urban,4,49,True,high,0.605,17.515906,78.829084,monsoon,0,12,Day,Rain,False,222.0,30.2,False,,Working,90.0,94.0,4.0,188.0,1.0,,False,,,,222
L008,2025-07-07 13:00:00,Telangana,urban,4,49,True,high,0.605,17.515906,78.829084,monsoon,0,13,Day,Clear,False,471.0,32.0,False,,Working,70.0,106.0,7.0,183.0,0.0,,False,,,,471
L008,2025-07-07 14:00:00,Telangana,urban,4,49,True,high,0.605,17.515906,78.829084,monsoon,0,14,Day,Rain,False,992.0,10.6,False,,Working,89.0,113.0,5.0,207.0,1.0,,True,Major,5.0,Weather-related,992
L008,2025-07-07 15:00:00,Telangana,urban,4,49,True,high,0.605,17.515906,78.829084,monsoon,0,15,Day,Thunderstorm,False,333.0,41.4,False,,Working,38.0,91.0,5.0,134.0,2.0,,False,,,,333
L008,2025-07-07 16:00:00,Telangana,urban,4,49,True,high,0.605,17.515906,78.829084,monsoon,0,16,,Clear,False,866.0,25.5,False,,Working,72.0,96.0,3.0,171.0,0.0,,False,,,,866
L008,2025-07-07 17:00:00,Telangana,urban,4,49,True,high,0.605,17.515906,78.829084,monsoon,0,17,Day,Rain,True,1355.0,12.0,True,,Working,32.0,88.0,3.0,123.0,1.0,,True,Minor,2.0,Rear-end / Following too close,1355
L008,2025-07-07 18:00:00,Telangana,urban,4,49,True,high,0.605,17.515906,78.829084,monsoon,0,18,Day,Clear,True,1875.0,11.3,True,,Working,66.0,78.0,3.0,147.0,0.0,,False,,,,1875
L008,2025-07-07 19:00:00,Telangana,urban,4,49,True,high,0.605,17.515906,78.829084,monsoon,0,19,Dusk/Dawn,Rain,True,770.0,19.9,True,,Working,51.0,95.0,5.0,151.0,1.0,,False,,,,770
L008,2025-07-07 20:00:00,Telangana,urban,4,49,True,high,0.605,17.515906,78.829084,monsoon,0,20,Night,Clear,True,2181.0,5.0,True,,Working,45.0,60.0,5.0,110.0,2.0,,False,,,,2181
L008,2025-07-07 21:00:00,Telangana,urban,4,49,True,high,0.605,17.515906,78.829084,monsoon,0,21,Night,Rain,True,1960.0,5.0,True,,Working,87.0,85.0,10.0,182.0,1.0,,False,,,,1960
L008,2025-07-07 22:00:00,Telangana,urban,4,49,True,high,0.605,17.515906,78.829084,monsoon,0,22,Night,Rain,False,468.0,17.9,False,,Working,55.0,44.0,9.0,108.0,1.0,,False,,,,468
L008,2025-07-07 23:00:00,Telangana,urban,4,49,True,high,0.605,17.515906,78.829084,monsoon,0,23,Night,Clear,False,836.0,19.4,False,,Working,29.0,77.0,7.0,113.0,1.0,,False,,,,836
L009,2025-07-01 00:00:00,Telangana,urban,2,58,False,high,0.268,17.399562,78.631297,monsoon,1,0,Night,Rain,False,616.0,20.2,False,,,,,,,,,False,,,,616
L009,2025-07-01 01:00:00,Telangana,urban,2,58,False,high,0.268,17.399562,78.631297,monsoon,1,1,Night,Rain,False,405.0,22.9,False,,,,,,,,,False,,,,405
L009,2025-07-01 02:00:00,Telangana,urban,2,58,False,high,0.268,17.399562,78.631297,monsoon,1,2,Night,Thunderstorm,False,466.0,41.2,False,,,,,,,,,False,,,,466
L009,2025-07-01 03:00:00,Telangana,urban,2,58,False,high,0.268,17.399562,78.631297,monsoon,1,3,Night,Clear,False,963.0,24.0,False,,,,,,,,,False,,,,963
L009,2025-07-01 04:00:00,Telangana,urban,2,58,False,high,0.268,17.399562,78.631297,monsoon,1,4,Night,Rain,False,332.0,18.6,False,,,,,,,,,False,,,,332
L009,2025-07-01 05:00:00,Telangana,urban,2,58,False,high,0.268,17.399562,78.631297,monsoon,1,5,Dusk/Dawn,Clear,False,914.0,16.8,False,,,,,,,,,False,,,,914
L009,2025-07-01 06:00:00,Telangana,urban,2,58,False,high,0.268,17.399562,78.631297,monsoon,1,6,Day,Thunderstorm,False,355.0,39.2,False,,,,,,,,,False,,,,355
L009,2025-07-01 07:00:00,Telangana,urban,2,58,False,high,0.268,17.399562,78.631297,monsoon,1,7,Day,Thunderstorm,False,420.0,37.6,False,,,,,,,,,False,,,,420
L009,2025-07-01 08:00:00,Telangana,urban,2,58,False,high,0.268,17.399562,78.631297,monsoon,1,8,Day,Rain,True,1331.0,17.7,True,,,,,,,,,False,,,,1331
L009,2025-07-01 09:00:00,Telangana,urban,2,58,False,high,0.268,17.399562,78.631297,monsoon,1,9,Day,Rain,True,1278.0,,True,,,,,,,,,False,,,,1278
L009,2025-07-01 10:00:00,Telangana,urban,2,58,False,high,0.268,17.399562,78.631297,monsoon,1,10,Day,Rain,True,1084.0,5.0,True,,,,,,,,,False,,,,1084
L009,2025-07-01 11:00:00,Telangana,urban,2,58,False,high,0.268,17.399562,78.631297,monsoon,1,11,Day,Rain,True,674.0,16.7,True,,,,,,,,,False,,,,674
L009,2025-07-01 12:00:00,Telangana,urban,2,58,False,high,0.268,17.399562,78.631297,monsoon,1,12,Day,Clear,False,566.0,25.9,False,,,,,,,,,False,,,,566
L009,2025-07-01 13:00:00,Telangana,urban,2,58,False,high,0.268,17.399562,78.631297,monsoon,1,13,Day,Rain,False,746.0,25.1,False,,,,,,,,,False,,,,746
L009,2025-07-01 14:00:00,Telangana,urban,2,58,False,high,0.268,17.399562,78.631297,monsoon,1,14,Day,Clear,False,602.0,26.8,False,,,,,,,,,False,,,,602
L009,2025-07-01 15:00:00,Telangana,urban,2,58,False,high,0.268,17.399562,78.631297,monsoon,1,15,Day,Rain,False,241.0,28.8,False,,,,,,,,,False,,,,241
L009,2025-07-01 16:00:00,Telangana,urban,2,58,False,high,0.268,17.399562,78.631297,monsoon,1,16,Day,Rain,False,998.0,,False,,,,,,,,,False,,,,998
L009,2025-07-01 17:00:00,Telangana,urban,2,58,False,high,0.268,17.399562,78.631297,monsoon,1,17,Day,Rain,True,1470.0,5.0,True,,,,,,,,,True,Minor,6.0,Rear-end / Following too close,1470
L009,2025-07-01 18:00:00,Telangana,urban,2,58,False,high,0.268,17.399562,78.631297,monsoon,1,18,Day,Clear,True,2198.0,11.3,True,,,,,,,,,False,,,,2198
L009,2025-07-01 19:00:00,Telangana,urban,2,58,False,high,0.268,17.399562,78.631297,monsoon,1,19,Dusk/Dawn,Clear,True,1936.0,13.9,True,,,,,,,,,False,,,,1936
L009,2025-07-01 20:00:00,Telangana,urban,2,58,False,high,0.268,17.399562,78.631297,monsoon,1,20,Night,Clear,True,847.0,25.7,True,,,,,,,,,False,,,,847
L009,2025-07-01 21:00:00,Telangana,urban,2,58,False,high,0.268,17.399562,78.631297,monsoon,1,21,Night,Rain,True,751.0,,True,,,,,,,,,False,,,,751
L009,2025-07-01 22:00:00,Telangana,urban,2,58,False,high,0.268,17.399562,78.631297,monsoon,1,22,Night,Clear,False,850.0,22.2,False,,,,,,,,,False,,,,850
L009,2025-07-01 23:00:00,Telangana,urban,2,58,False,high,0.268,17.399562,78.631297,monsoon,1,23,Night,Thunderstorm,False,432.0,20.3,False,,,,,,,,,False,,,,432
L009,2025-07-02 00:00:00,Telangana,urban,2,58,False,high,0.268,17.399562,78.631297,monsoon,2,0,Night,Rain,False,384.0,24.0,False,,,,,,,,,False,,,,384
L009,2025-07-02 01:00:00,Telangana,urban,2,58,False,high,0.268,17.399562,78.631297,monsoon,2,1,Night,Clear,False,594.0,26.1,False,,,,,,,,,False,,,,594
L009,2025-07-02 02:00:00,Telangana,urban,2,58,False,high,0.268,17.399562,78.631297,monsoon,2,2,Night,Rain,False,530.0,16.6,False,,,,,,,,,False,,,,530
L009,2025-07-02 03:00:00,Telangana,urban,2,58,False,high,0.268,17.399562,78.631297,monsoon,2,3,Night,Rain,False,307.0,23.0,False,,,,,,,,,False,,,,307
L009,2025-07-02 04:00:00,Telangana,urban,2,58,False,high,0.268,17.399562,78.631297,monsoon,2,4,Night,Rain,False,295.0,28.9,False,,,,,,,,,False,,,,295
L009,2025-07-02 05:00:00,Telangana,urban,2,58,False,high,0.268,17.399562,78.631297,monsoon,2,5,Dusk/Dawn,Rain,False,183.0,31.6,False,,,,,,,,,False,,,,183
L009,2025-07-02 06:00:00,Telangana,urban,2,58,False,high,0.268,17.399562,78.631297,monsoon,2,6,Day,Thunderstorm,False,395.0,33.9,False,,,,,,,,,False,,,,395
L009,2025-07-02 07:00:00,Telangana,urban,2,58,False,high,0.268,17.399562,78.631297,monsoon,2,7,Day,Rain,False,240.0,31.7,False,,,,,,,,,False,,,,240
L009,2025-07-02 08:00:00,Telangana,urban,2,58,False,high,0.268,17.399562,78.631297,monsoon,2,8,Day,Thunderstorm,True,1369.0,12.0,True,,,,,,,,,False,,,,1369
L009,2025-07-02 09:00:00,Telangana,urban,2,58,False,high,0.268,17.399562,78.631297,monsoon,2,9,Day,Rain,True,786.0,,True,,,,,,,,,False,,,,786
L009,2025-07-02 10:00:00,Telangana,urban,2,58,False,high,0.268,17.399562,78.631297,monsoon,2,10,,Clear,True,1391.0,14.4,True,,,,,,,,,False,,,,1391
L009,2025-07-02 11:00:00,Telangana,urban,2,58,False,high,0.268,17.399562,78.631297,monsoon,2,11,Day,Thunderstorm,True,757.0,24.4,True,,,,,,,,,False,,,,757
L009,2025-07-02 12:00:00,Telangana,urban,2,58,False,high,0.268,17.399562,78.631297,monsoon,2,12,Day,Clear,False,298.0,43.0,False,,,,,,,,,False,,,,298
L009,2025-07-02 13:00:00,Telangana,urban,2,58,False,high,0.268,17.399562,78.631297,monsoon,2,13,Day,Rain,False,440.0,26.2,False,,,,,,,,,False,,,,440
L009,2025-07-02 14:00:00,Telangana,urban,2,58,False,high,0.268,17.399562,78.631297,monsoon,2,14,Day,Rain,False,191.0,,False,,,,,,,,,False,,,,191
L009,2025-07-02 15:00:00,Telangana,urban,2,58,False,high,0.268,17.399562,78.631297,monsoon,2,15,Day,Rain,False,471.0,24.4,False,,,,,,,,,False,,,,471
L009,2025-07-02 16:00:00,Telangana,urban,2,58,False,high,0.268,17.399562,78.631297,monsoon,2,16,Day,Rain,False,359.0,28.4,False,,,,,,,,,False,,,,359
L009,2025-07-02 17:00:00,Telangana,urban,2,58,False,high,0.268,17.399562,78.631297,monsoon,2,17,Day,Rain,True,1003.0,22.4,True,,,,,,,,,False,,,,1003
L009,2025-07-02 18:00:00,Telangana,urban,2,58,False,high,0.268,17.399562,78.631297,monsoon,2,18,Day,Rain,True,1120.0,9.7,True,,,,,,,,,False,,,,1120
L009,2025-07-02 19:00:00,Telangana,urban,2,58,False,high,0.268,17.399562,78.631297,monsoon,2,19,Dusk/Dawn,Clear,True,1199.0,20.1,True,,,,,,,,,False,,,,1199
L009,2025-07-02 20:00:00,Telangana,urban,2,58,False,high,0.268,17.399562,78.631297,monsoon,2,20,Night,Clear,True,841.0,26.8,True,,,,,,,,,False,,,,841
L009,2025-07-02 21:00:00,Telangana,urban,2,58,False,high,0.268,17.399562,78.631297,monsoon,2,21,Night,Rain,True,1184.0,13.4,True,,,,,,,,,False,,,,1184
L009,2025-07-02 22:00:00,Telangana,urban,2,58,False,high,0.268,17.399562,78.631297,monsoon,2,22,Night,Clear,False,205.0,37.6,False,,,,,,,,,False,,,,205
L009,2025-07-02 23:00:00,Telangana,urban,2,58,False,high,0.268,17.399562,78.631297,monsoon,2,23,Night,Rain,False,515.0,19.1,False,,,,,,,,,False,,,,515
L009,2025-07-03 00:00:00,Telangana,urban,2,58,False,high,0.268,17.399562,78.631297,monsoon,3,0,Night,Clear,False,259.0,39.9,False,,,,,,,,,False,,,,259
L009,2025-07-03 01:00:00,Telangana,urban,2,58,False,high,0.268,17.399562,78.631297,monsoon,3,1,Night,Thunderstorm,False,241.0,31.4,False,,,,,,,,,False,,,,241
L009,2025-07-03 02:00:00,Telangana,urban,2,58,False,high,0.268,17.399562,78.631297,monsoon,3,2,Night,Rain,False,219.0,38.1,False,,,,,,,,,False,,,,219
L009,2025-07-03 03:00:00,Telangana,urban,2,58,False,high,0.268,17.399562,78.631297,monsoon,3,3,Night,Rain,False,587.0,15.3,False,,,,,,,,,False,,,,587
L009,2025-07-03 04:00:00,Telangana,urban,2,58,False,high,0.268,17.399562,78.631297,monsoon,3,4,Night,Clear,False,217.0,39.4,False,,,,,,,,,False,,,,217
L009,2025-07-03 05:00:00,Telangana,urban,2,58,False,high,0.268,17.399562,78.631297,monsoon,3,5,Dusk/Dawn,Rain,False,234.0,35.7,False,,,,,,,,,False,,,,234
L009,2025-07-03 06:00:00,Telangana,urban,2,58,False,high,0.268,17.399562,78.631297,monsoon,3,6,Day,Thunderstorm,False,370.0,35.5,False,,,,,,,,,False,,,,370
L009,2025-07-03 07:00:00,Telangana,urban,2,58,False,high,0.268,17.399562,78.631297,monsoon,3,7,Day,Rain,False,570.0,,False,,,,,,,,,False,,,,570
L009,2025-07-03 08:00:00,Telangana,urban,2,58,False,high,0.268,17.399562,78.631297,monsoon,3,8,Day,Rain,True,580.0,22.2,True,,,,,,,,,False,,,,580
L009,2025-07-03 09:00:00,Telangana,urban,2,58,False,high,0.268,17.399562,78.631297,monsoon,3,9,Day,Rain,True,1380.0,14.0,True,,,,,,,,,False,,,,1380
L009,2025-07-03 10:00:00,Telangana,urban,2,58,False,high,0.268,17.399562,78.631297,monsoon,3,10,Day,Clear,True,1221.0,12.1,True,,,,,,,,,False,,,,1221
L009,2025-07-03 11:00:00,Telangana,urban,2,58,False,high,0.268,17.399562,78.631297,monsoon,3,11,Day,Rain,True,1110.0,6.4,True,,,,,,,,,False,,,,1110
L009,2025-07-03 12:00:00,Telangana,urban,2,58,False,high,0.268,17.399562,78.631297,monsoon,3,12,Day,Rain,False,396.0,29.6,False,,,,,,,,,False,,,,396
L009,2025-07-03 13:00:00,Telangana,urban,2,58,False,high,0.268,17.399562,78.631297,monsoon,3,13,Day,Clear,False,525.0,30.7,False,,,,,,,,,False,,,,525
L009,2025-07-03 14:00:00,Telangana,urban,2,58,False,high,0.268,17.399562,78.631297,monsoon,3,14,Day,Rain,False,417.0,22.2,False,,,,,,,,,False,,,,417
L009,2025-07-03 15:00:00,Telangana,urban,2,58,False,high,0.268,17.399562,78.631297,monsoon,3,15,Day,Clear,False,2730.0,29.5,False,veh_spike,,,,,,,,False,,,,2730
L009,2025-07-03 16:00:00,Telangana,urban,2,58,False,high,0.268,17.399562,78.631297,monsoon,3,16,Day,Clear,False,296.0,40.2,False,,,,,,,,,False,,,,296
L009,2025-07-03 17:00:00,Telangana,urban,2,58,False,high,0.268,17.399562,78.631297,monsoon,3,17,Day,Clear,True,637.0,24.1,True,,,,,,,,,False,,,,637
L009,2025-07-03 18:00:00,Telangana,urban,2,58,False,high,0.268,17.399562,78.631297,monsoon,3,18,Day,Thunderstorm,True,1459.0,5.0,True,,,,,,,,,False,,,,1459
L009,2025-07-03 19:00:00,Telangana,urban,2,58,False,high,0.268,17.399562,78.631297,monsoon,3,19,Dusk/Dawn,Rain,True,895.0,,True,,,,,,,,,False,,,,895
L009,2025-07-03 20:00:00,Telangana,urban,2,58,False,high,0.268,17.399562,78.631297,monsoon,3,20,Night,Thunderstorm,True,748.0,35.9,True,,,,,,,,,False,,,,748
L009,2025-07-03 21:00:00,Telangana,urban,2,58,False,high,0.268,17.399562,78.631297,monsoon,3,21,Night,Rain,True,957.0,15.6,True,,,,,,,,,False,,,,957
L009,2025-07-03 22:00:00,Telangana,urban,2,58,False,high,0.268,17.399562,78.631297,monsoon,3,22,Night,Clear,False,240.0,42.6,False,,,,,,,,,False,,,,240
L009,2025-07-03 23:00:00,Telangana,urban,2,58,False,high,0.268,17.399562,78.631297,monsoon,3,23,Night,Rain,False,327.0,22.1,False,,,,,,,,,False,,,,327
L009,2025-07-04 00:00:00,Telangana,urban,2,58,False,high,0.268,17.399562,78.631297,monsoon,4,0,Night,Rain,False,359.0,29.0,False,,,,,,,,,False,,,,359
L009,2025-07-04 01:00:00,Telangana,urban,2,58,False,high,0.268,17.399562,78.631297,monsoon,4,1,Night,Clear,False,834.0,19.7,False,,,,,,,,,False,,,,834
L009,2025-07-04 02:00:00,Telangana,urban,2,58,False,high,0.268,17.399562,78.631297,monsoon,4,2,Night,Rain,False,195.0,24.8,False,,,,,,,,,False,,,,195
L009,2025-07-04 03:00:00,Telangana,urban,2,58,False,high,0.268,17.399562,78.631297,monsoon,4,3,Night,Clear,False,503.0,,False,,,,,,,,,False,,,,503
L009,2025-07-04 04:00:00,Telangana,urban,2,58,False,high,0.268,17.399562,78.631297,monsoon,4,4,Night,Rain,False,313.0,23.1,False,,,,,,,,,False,,,,313
L009,2025-07-04 05:00:00,Telangana,urban,2,58,False,high,0.268,17.399562,78.631297,monsoon,4,5,Dusk/Dawn,Rain,False,377.0,24.7,False,,,,,,,,,False,,,,377
L009,2025-07-04 06:00:00,Telangana,urban,2,58,False,high,0.268,17.399562,78.631297,monsoon,4,6,Day,Clear,False,264.0,40.2,False,,,,,,,,,False,,,,264
L009,2025-07-04 07:00:00,Telangana,urban,2,58,False,high,0.268,17.399562,78.631297,monsoon,4,7,Day,Clear,False,694.0,19.8,False,,,,,,,,,False,,,,694
L009,2025-07-04 08:00:00,Telangana,urban,2,58,False,high,0.268,17.399562,78.631297,monsoon,4,8,Day,Rain,True,613.0,19.3,True,,,,,,,,,False,,,,613
L009,2025-07-04 09:00:00,Telangana,urban,2,58,False,high,0.268,17.399562,78.631297,monsoon,4,9,Day,Rain,True,1182.0,12.0,True,,,,,,,,,False,,,,1182
L009,2025-07-04 10:00:00,Telangana,urban,2,58,False,high,0.268,17.399562,78.631297,monsoon,4,10,Day,Clear,True,1863.0,8.0,True,,,,,,,,,True,Minor,6.0,Rear-end / Following too close,1863
L009,2025-07-04 11:00:00,Telangana,urban,2,58,False,high,0.268,17.399562,78.631297,monsoon,4,11,Day,Thunderstorm,True,1128.0,26.8,True,,,,,,,,,False,,,,1128
L009,2025-07-04 12:00:00,Telangana,urban,2,58,False,high,0.268,17.399562,78.631297,monsoon,4,12,Day,Clear,False,676.0,28.6,False,,,,,,,,,False,,,,676
L009,2025-07-04 13:00:00,Telangana,urban,2,58,False,high,0.268,17.399562,78.631297,monsoon,4,13,Day,Rain,False,201.0,36.5,False,,,,,,,,,False,,,,201
L009,2025-07-04 14:00:00,Telangana,urban,2,58,False,high,0.268,17.399562,78.631297,monsoon,4,14,Day,Thunderstorm,False,496.0,37.2,False,,,,,,,,,False,,,,496
L009,2025-07-04 15:00:00,Telangana,urban,2,58,False,high,0.268,17.399562,78.631297,monsoon,4,15,Day,Clear,False,317.0,39.2,False,,,,,,,,,False,,,,317
L009,2025-07-04 16:00:00,Telangana,urban,2,58,False,high,0.268,17.399562,78.631297,monsoon,4,16,Day,Clear,False,526.0,31.5,False,,,,,,,,,False,,,,526
L009,2025-07-04 17:00:00,Telangana,urban,2,58,False,high,0.268,17.399562,78.631297,monsoon,4,17,Day,Clear,True,2144.0,16.1,True,,,,,,,,,False,,,,2144
L009,2025-07-04 18:00:00,Telangana,urban,2,58,False,high,0.268,17.399562,78.631297,monsoon,4,18,Day,Clear,True,1740.0,24.1,True,,,,,,,,,False,,,,1740
L009,2025-07-04 19:00:00,Telangana,urban,2,58,False,high,0.268,17.399562,78.631297,monsoon,4,19,Dusk/Dawn,Clear,True,1786.0,17.3,True,,,,,,,,,False,,,,1786
L009,2025-07-04 20:00:00,Telangana,urban,2,58,False,high,0.268,17.399562,78.631297,monsoon,4,20,Night,Rain,True,1303.0,5.0,True,,,,,,,,,True,Minor,5.0,Rear-end / Following too close,1303
L009,2025-07-04 21:00:00,Telangana,urban,2,58,False,high,0.268,17.399562,78.631297,monsoon,4,21,Night,Clear,True,1553.0,23.6,True,,,,,,,,,False,,,,1553
L009,2025-07-04 22:00:00,Telangana,urban,2,58,False,high,0.268,17.399562,78.631297,monsoon,4,22,Night,Rain,False,575.0,17.1,False,,,,,,,,,False,,,,575
L009,2025-07-04 23:00:00,Telangana,urban,2,58,False,high,0.268,17.399562,78.631297,monsoon,4,23,Night,Thunderstorm,False,405.0,32.2,False,,,,,,,,,False,,,,405
L009,2025-07-05 00:00:00,Telangana,urban,2,58,False,high,0.268,17.399562,78.631297,monsoon,5,0,Night,Rain,False,438.0,29.1,False,,,,,,,,,False,,,,438
L009,2025-07-05 01:00:00,Telangana,urban,2,58,False,high,0.268,17.399562,78.631297,monsoon,5,1,Night,Rain,False,182.0,28.9,False,,,,,,,,,False,,,,182
L009,2025-07-05 02:00:00,Telangana,urban,2,58,False,high,0.268,17.399562,78.631297,monsoon,5,2,Night,Clear,False,555.0,32.2,False,,,,,,,,,False,,,,555
L009,2025-07-05 03:00:00,Telangana,urban,2,58,False,high,0.268,17.399562,78.631297,monsoon,5,3,Night,Rain,False,316.0,26.6,False,,,,,,,,,False,,,,316
L009,2025-07-05 04:00:00,Telangana,urban,2,58,False,high,0.268,17.399562,78.631297,monsoon,5,4,Night,Rain,False,589.0,18.3,False,,,,,,,,,False,,,,589
L009,2025-07-05 05:00:00,Telangana,urban,2,58,False,high,0.268,17.399562,78.631297,monsoon,5,5,Dusk/Dawn,Rain,False,663.0,13.7,False,,,,,,,,,False,,,,663
L009,2025-07-05 06:00:00,Telangana,urban,2,58,False,high,0.268,17.399562,78.631297,monsoon,5,6,Day,Clear,False,582.0,36.2,False,,,,,,,,,False,,,,582
L009,2025-07-05 07:00:00,Telangana,urban,2,58,False,high,0.268,17.399562,78.631297,monsoon,5,7,Day,Rain,False,918.0,21.4,False,,,,,,,,,False,,,,918
L009,2025-07-05 08:00:00,Telangana,urban,2,58,False,high,0.268,17.399562,78.631297,monsoon,5,8,Day,Clear,True,975.0,17.0,True,,,,,,,,,False,,,,975
L009,2025-07-05 09:00:00,Telangana,urban,2,58,False,high,0.268,17.399562,78.631297,monsoon,5,9,Day,Rain,False,350.0,18.6,False,,,,,,,,,False,,,,350
L009,2025-07-05 10:00:00,Telangana,urban,2,58,False,high,0.268,17.399562,78.631297,monsoon,5,10,Day,Rain,True,1325.0,5.3,True,,,,,,,,,False,,,,1325