location_id,timestamp,state,road_type,lane_count,speed_limit_kmph,has_signal,enforcement_level,blackspot_score,latitude,longitude,season,day_of_week,hour_of_day,lighting,weather,is_peak,vehicle_count_per_hr,avg_speed_kmph,peak,traffic_data_quality_flag,signal_status,green_duration_s,red_duration_s,yellow_duration_s,cycle_time_s,violations_count,signal_data_quality_flag,accident_occurred,severity,vehicles_involved,cause,veh_count_at_accident
L009,2025-07-05 11:00:00,Telangana,urban,2,58,False,high,0.268,17.399562,78.631297,monsoon,5,11,Day,Clear,True,614.0,30.3,True,,,,,,,,,False,,,,614
L009,2025-07-05 12:00:00,Telangana,urban,2,58,False,high,0.268,17.399562,78.631297,monsoon,5,12,Day,Rain,False,378.0,24.1,False,,,,,,,,,False,,,,378
L009,2025-07-05 13:00:00,Telangana,urban,2,58,False,high,0.268,17.399562,78.631297,monsoon,5,13,Day,Rain,False,800.0,36.3,False,veh_spike,,,,,,,,False,,,,800
L009,2025-07-05 14:00:00,Telangana,urban,2,58,False,high,0.268,17.399562,78.631297,monsoon,5,14,Day,Clear,False,295.0,34.7,False,,,,,,,,,False,,,,295
L009,2025-07-05 15:00:00,Telangana,urban,2,58,False,high,0.268,17.399562,78.631297,monsoon,5,15,Day,Clear,False,681.0,23.1,False,,,,,,,,,False,,,,681
L009,2025-07-05 16:00:00,Telangana,urban,2,58,False,high,0.268,17.399562,78.631297,monsoon,5,16,Day,Rain,False,746.0,20.3,False,,,,,,,,,False,,,,746
L009,2025-07-05 17:00:00,Telangana,urban,2,58,False,high,0.268,17.399562,78.631297,monsoon,5,17,Day,Rain,False,298.0,35.1,False,,,,,,,,,False,,,,298
L009,2025-07-05 18:00:00,Telangana,urban,2,58,False,high,0.268,17.399562,78.631297,monsoon,5,18,Day,Clear,False,285.0,39.9,False,,,,,,,,,False,,,,285
L009,2025-07-05 19:00:00,Telangana,urban,2,58,False,high,0.268,17.399562,78.631297,monsoon,5,19,Dusk/Dawn,Thunderstorm,False,173.0,45.8,False,,,,,,,,,False,,,,173
L009,2025-07-05 20:00:00,Telangana,urban,2,58,False,high,0.268,17.399562,78.631297,monsoon,5,20,Night,Thunderstorm,True,1028.0,19.7,True,,,,,,,,,False,,,,1028
L009,2025-07-05 21:00:00,Telangana,urban,2,58,False,high,0.268,17.399562,78.631297,monsoon,5,21,Night,Clear,True,846.0,13.3,True,,,,,,,,,False,,,,846
L009,2025-07-05 22:00:00,Telangana,urban,2,58,False,high,0.268,17.399562,78.631297,monsoon,5,22,Night,Rain,False,437.0,21.2,False,,,,,,,,,False,,,,437
L009,2025-07-05 23:00:00,Telangana,urban,2,58,False,high,0.268,17.399562,78.631297,monsoon,5,23,Night,Rain,False,231.0,31.6,False,,,,,,,,,False,,,,231
L009,2025-07-06 00:00:00,Telangana,urban,2,58,False,high,0.268,17.399562,78.631297,monsoon,6,0,Night,Rain,False,322.0,19.7,False,,,,,,,,,False,,,,322
L009,2025-07-06 01:00:00,Telangana,urban,2,58,False,high,0.268,17.399562,78.631297,monsoon,6,1,Night,Clear,False,282.0,38.8,False,,,,,,,,,False,,,,282
L009,2025-07-06 02:00:00,Telangana,urban,2,58,False,high,0.268,17.399562,78.631297,monsoon,6,2,Night,Rain,False,551.0,16.7,False,,,,,,,,,False,,,,551
L009,2025-07-06 03:00:00,Telangana,urban,2,58,False,high,0.268,17.399562,78.631297,monsoon,6,3,Night,Clear,False,480.0,31.0,False,,,,,,,,,False,,,,480
L009,2025-07-06 04:00:00,Telangana,urban,2,58,False,high,0.268,17.399562,78.631297,monsoon,6,4,Night,Clear,False,662.0,29.5,False,,,,,,,,,False,,,,662
L009,2025-07-06 05:00:00,Telangana,urban,2,58,False,high,0.268,17.399562,78.631297,monsoon,6,5,Dusk/Dawn,Rain,False,294.0,31.0,False,,,,,,,,,False,,,,294
L009,2025-07-06 06:00:00,Telangana,urban,2,58,False,high,0.268,17.399562,78.631297,monsoon,6,6,Day,Rain,False,391.0,31.4,False,,,,,,,,,False,,,,391
L009,2025-07-06 07:00:00,Telangana,urban,2,58,False,high,0.268,17.399562,78.631297,monsoon,6,7,Day,Rain,False,376.0,28.6,False,,,,,,,,,False,,,,376
L009,2025-07-06 08:00:00,Telangana,urban,2,58,False,high,0.268,17.399562,78.631297,monsoon,6,8,Day,Rain,False,652.0,13.8,False,,,,,,,,,False,,,,652
L009,2025-07-06 09:00:00,Telangana,urban,2,58,False,high,0.268,17.399562,78.631297,monsoon,6,9,Day,Rain,True,1580.0,,True,,,,,,,,,False,,,,1580
L009,2025-07-06 10:00:00,Telangana,urban,2,58,False,high,0.268,17.399562,78.631297,monsoon,6,10,Day,Rain,True,867.0,21.0,True,,,,,,,,,False,,,,867
L009,2025-07-06 11:00:00,Telangana,urban,2,58,False,high,0.268,17.399562,78.631297,monsoon,6,11,Day,Rain,False,365.0,38.5,False,,,,,,,,,False,,,,365
L009,2025-07-06 12:00:00,Telangana,urban,2,58,False,high,0.268,17.399562,78.631297,monsoon,6,12,Day,Rain,False,245.0,31.5,False,,,,,,,,,False,,,,245
L009,2025-07-06 13:00:00,Telangana,urban,2,58,False,high,0.268,17.399562,78.631297,monsoon,6,13,Day,Clear,False,766.0,21.9,False,,,,,,,,,False,,,,766
L009,2025-07-06 14:00:00,Telangana,urban,2,58,False,high,0.268,17.399562,78.631297,monsoon,6,14,Day,Rain,False,392.0,37.3,False,,,,,,,,,False,,,,392
L009,2025-07-06 15:00:00,Telangana,urban,2,58,False,high,0.268,17.399562,78.631297,monsoon,6,15,Day,Clear,False,492.0,36.4,False,,,,,,,,,False,,,,492
L009,2025-07-06 16:00:00,Telangana,urban,2,58,False,high,0.268,17.399562,78.631297,monsoon,6,16,Day,Thunderstorm,False,201.0,43.3,False,,,,,,,,,False,,,,201
L009,2025-07-06 17:00:00,Telangana,urban,2,58,False,high,0.268,17.399562,78.631297,monsoon,6,17,Day,Rain,True,1027.0,5.9,True,,,,,,,,,False,,,,1027
L009,2025-07-06 18:00:00,Telangana,urban,2,58,False,high,0.268,17.399562,78.631297,monsoon,6,18,Day,Rain,True,632.0,20.4,True,,,,,,,,,False,,,,632
L009,2025-07-06 19:00:00,Telangana,urban,2,58,False,high,0.268,17.399562,78.631297,monsoon,6,19,Dusk/Dawn,Rain,True,832.0,17.3,True,,,,,,,,,False,,,,832
L009,2025-07-06 20:00:00,Telangana,urban,2,58,False,high,0.268,17.399562,78.631297,monsoon,6,20,Night,Rain,False,301.0,24.3,False,,,,,,,,,False,,,,301
L009,2025-07-06 21:00:00,Telangana,urban,2,58,False,high,0.268,17.399562,78.631297,monsoon,6,21,Night,Rain,False,635.0,21.8,False,,,,,,,,,False,,,,635
L009,2025-07-06 22:00:00,Telangana,urban,2,58,False,high,0.268,17.399562,78.631297,monsoon,6,22,Night,Rain,False,455.0,24.1,False,,,,,,,,,False,,,,455
L009,2025-07-06 23:00:00,Telangana,urban,2,58,False,high,0.268,17.399562,78.631297,monsoon,6,23,Night,Rain,False,184.0,27.9,False,,,,,,,,,False,,,,184
L009,2025-07-07 00:00:00,Telangana,urban,2,58,False,high,0.268,17.399562,78.631297,monsoon,0,0,Night,Clear,False,554.0,28.3,False,,,,,,,,,False,,,,554
L009,2025-07-07 01:00:00,Telangana,urban,2,58,False,high,0.268,17.399562,78.631297,monsoon,0,1,Night,Clear,False,240.0,39.6,False,,,,,,,,,False,,,,240
L009,2025-07-07 02:00:00,Telangana,urban,2,58,False,high,0.268,17.399562,78.631297,monsoon,0,2,Night,Rain,False,573.0,10.8,False,,,,,,,,,False,,,,573
L009,2025-07-07 03:00:00,Telangana,urban,2,58,False,high,0.268,17.399562,78.631297,monsoon,0,3,Night,Clear,False,723.0,24.3,False,,,,,,,,,False,,,,723
L009,2025-07-07 04:00:00,Telangana,urban,2,58,False,high,0.268,17.399562,78.631297,monsoon,0,4,Night,Clear,False,631.0,22.0,False,,,,,,,,,False,,,,631
L009,2025-07-07 05:00:00,Telangana,urban,2,58,False,high,0.268,17.399562,78.631297,monsoon,0,5,Dusk/Dawn,Clear,False,0.0,0.0,False,veh_dropout,,,,,,,,False,,,,0
L009,2025-07-07 06:00:00,Telangana,urban,2,58,False,high,0.268,17.399562,78.631297,monsoon,0,6,Day,Thunderstorm,False,501.0,27.8,False,,,,,,,,,False,,,,501
L009,2025-07-07 07:00:00,Telangana,urban,2,58,False,high,0.268,17.399562,78.631297,monsoon,0,7,Day,Rain,False,296.0,,False,,,,,,,,,False,,,,296
L009,2025-07-07 08:00:00,Telangana,urban,2,58,False,high,0.268,17.399562,78.631297,monsoon,0,8,Day,Rain,True,1943.0,5.0,True,,,,,,,,,True,Minor,5.0,Weather-related,1943
L009,2025-07-07 09:00:00,Telangana,urban,2,58,False,high,0.268,17.399562,78.631297,monsoon,0,9,Day,Clear,True,732.0,32.1,True,,,,,,,,,False,,,,732
L009,2025-07-07 10:00:00,Telangana,urban,2,58,False,high,0.268,17.399562,78.631297,monsoon,0,10,Day,Clear,True,543.0,24.6,True,,,,,,,,,False,,,,543
L009,2025-07-07 11:00:00,Telangana,urban,2,58,False,high,0.268,17.399562,78.631297,monsoon,0,11,Day,Rain,True,1103.0,10.2,True,,,,,,,,,False,,,,1103
L009,2025-07-07 12:00:00,Telangana,urban,2,58,False,high,0.268,17.399562,78.631297,monsoon,0,12,Day,Rain,False,263.0,26.0,False,,,,,,,,,False,,,,263
L009,2025-07-07 13:00:00,Telangana,urban,2,58,False,high,0.268,17.399562,78.631297,monsoon,0,13,Day,Clear,False,423.0,35.5,False,,,,,,,,,False,,,,423
L009,2025-07-07 14:00:00,Telangana,urban,2,58,False,high,0.268,17.399562,78.631297,monsoon,0,14,Day,Clear,False,591.0,34.2,False,,,,,,,,,False,,,,591
L009,2025-07-07 15:00:00,Telangana,urban,2,58,False,high,0.268,17.399562,78.631297,monsoon,0,15,Day,Clear,False,432.0,32.3,False,,,,,,,,,False,,,,432
L009,2025-07-07 16:00:00,Telangana,urban,2,58,False,high,0.268,17.399562,78.631297,monsoon,0,16,Day,Rain,False,251.0,32.0,False,,,,,,,,,False,,,,251
L009,2025-07-07 17:00:00,Telangana,urban,2,58,False,high,0.268,17.399562,78.631297,monsoon,0,17,Day,Rain,True,634.0,14.8,True,,,,,,,,,False,,,,634
L009,2025-07-07 18:00:00,Telangana,urban,2,58,False,high,0.268,17.399562,78.631297,monsoon,0,18,Day,Clear,True,2543.0,5.0,True,,,,,,,,,False,,,,2543
L009,2025-07-07 19:00:00,Telangana,urban,2,58,False,high,0.268,17.399562,78.631297,monsoon,0,19,Dusk/Dawn,Clear,True,1712.0,9.9,True,,,,,,,,,False,,,,1712
L009,2025-07-07 20:00:00,Telangana,urban,2,58,False,high,0.268,17.399562,78.631297,monsoon,0,20,Night,Clear,True,1491.0,8.3,True,,,,,,,,,False,,,,1491
L009,2025-07-07 21:00:00,Telangana,urban,2,58,False,high,0.268,17.399562,78.631297,monsoon,0,21,Night,Thunderstorm,True,446.0,34.7,True,,,,,,,,,False,,,,446
L009,2025-07-07 22:00:00,Telangana,urban,2,58,False,high,0.268,17.399562,78.631297,monsoon,0,22,Night,Clear,False,632.0,19.9,False,,,,,,,,,False,,,,632
L009,2025-07-07 23:00:00,Telangana,urban,2,58,False,high,0.268,17.399562,78.631297,monsoon,0,23,Night,Rain,False,178.0,,False,,,,,,,,,False,,,,178
L010,2025-07-01 00:00:00,Telangana,highway,4,106,False,high,0.006,17.45294,78.461091,monsoon,1,0,Night,Rain,False,2892.0,58.7,False,,,,,,,,,False,,,,2892
L010,2025-07-01 01:00:00,Telangana,highway,4,106,False,high,0.006,17.45294,78.461091,monsoon,1,1,Night,Rain,False,1273.0,84.2,False,,,,,,,,,False,,,,1273
L010,2025-07-01 02:00:00,Telangana,highway,4,106,False,high,0.006,17.45294,78.461091,monsoon,1,2,Night,Clear,False,2944.0,74.8,False,,,,,,,,,False,,,,2944
L010,2025-07-01 03:00:00,Telangana,highway,4,106,False,high,0.006,17.45294,78.461091,monsoon,1,3,Night,Clear,False,2166.0,74.2,False,,,,,,,,,False,,,,2166
L010,2025-07-01 04:00:00,Telangana,highway,4,106,False,high,0.006,17.45294,78.461091,monsoon,1,4,Night,Rain,False,1454.0,74.1,False,,,,,,,,,False,,,,1454
L010,2025-07-01 05:00:00,Telangana,highway,4,106,False,high,0.006,17.45294,78.461091,monsoon,1,5,Dusk/Dawn,Rain,False,1773.0,66.4,False,,,,,,,,,False,,,,1773
L010,2025-07-01 06:00:00,Telangana,highway,4,106,False,high,0.006,17.45294,78.461091,monsoon,1,6,Day,Rain,True,1898.0,216.0,True,speed_glitch,,,,,,,,False,,,,1898
L010,2025-07-01 07:00:00,Telangana,highway,4,106,False,high,0.006,17.45294,78.461091,monsoon,1,7,Day,Rain,True,2555.0,61.1,True,,,,,,,,,False,,,,2555
L010,2025-07-01 08:00:00,Telangana,highway,4,106,False,high,0.006,17.45294,78.461091,monsoon,1,8,Day,Clear,True,4406.0,57.6,True,,,,,,,,,False,,,,4406
L010,2025-07-01 09:00:00,Telangana,highway,4,106,False,high,0.006,17.45294,78.461091,monsoon,1,9,Day,Thunderstorm,True,2411.0,63.5,True,,,,,,,,,False,,,,2411
L010,2025-07-01 10:00:00,Telangana,highway,4,106,False,high,0.006,17.45294,78.461091,monsoon,1,10,Day,Rain,False,1550.0,58.1,False,,,,,,,,,False,,,,1550
L010,2025-07-01 11:00:00,Telangana,highway,4,106,False,high,0.006,17.45294,78.461091,monsoon,1,11,Day,Clear,False,1627.0,68.6,False,,,,,,,,,False,,,,1627
L010,2025-07-01 12:00:00,Telangana,highway,4,106,False,high,0.006,17.45294,78.461091,monsoon,1,12,Day,Thunderstorm,False,1846.0,77.4,False,,,,,,,,,False,,,,1846
L010,2025-07-01 13:00:00,Telangana,highway,4,106,False,high,0.006,17.45294,78.461091,monsoon,1,13,Day,Rain,False,1951.0,64.3,False,,,,,,,,,False,,,,1951
L010,2025-07-01 14:00:00,Telangana,highway,4,106,False,high,0.006,17.45294,78.461091,monsoon,1,14,Day,Rain,False,1891.0,71.0,False,,,,,,,,,False,,,,1891
L010,2025-07-01 15:00:00,Telangana,highway,4,106,False,high,0.006,17.45294,78.461091,monsoon,1,15,Day,Rain,False,1101.0,68.6,False,,,,,,,,,False,,,,1101
L010,2025-07-01 16:00:00,Telangana,highway,4,106,False,high,0.006,17.45294,78.461091,monsoon,1,16,Day,Rain,False,888.0,82.8,False,,,,,,,,,False,,,,888
L010,2025-07-01 17:00:00,Telangana,highway,4,106,False,high,0.006,17.45294,78.461091,monsoon,1,17,Day,Rain,False,1081.0,71.8,False,,,,,,,,,False,,,,1081
L010,2025-07-01 18:00:00,Telangana,highway,4,106,False,high,0.006,17.45294,78.461091,monsoon,1,18,Day,Clear,True,3231.0,67.8,True,,,,,,,,,False,,,,3231
L010,2025-07-01 19:00:00,Telangana,highway,4,106,False,high,0.006,17.45294,78.461091,monsoon,1,19,Dusk/Dawn,Clear,True,1373.0,82.8,True,,,,,,,,,False,,,,1373
L010,2025-07-01 20:00:00,Telangana,highway,4,106,False,high,0.006,17.45294,78.461091,monsoon,1,20,Night,Thunderstorm,True,693.0,94.1,True,,,,,,,,,False,,,,693
L010,2025-07-01 21:00:00,Telangana,highway,4,106,False,high,0.006,17.45294,78.461091,monsoon,1,21,Night,Clear,True,6122.0,53.0,True,,,,,,,,,False,,,,6122
L010,2025-07-01 22:00:00,Telangana,highway,4,106,False,high,0.006,17.45294,78.461091,monsoon,1,22,Night,Rain,True,1717.0,77.6,True,,,,,,,,,False,,,,1717
L010,2025-07-01 23:00:00,Telangana,highway,4,106,False,high,0.006,17.45294,78.461091,monsoon,1,23,Night,Rain,False,1108.0,77.6,False,,,,,,,,,False,,,,1108
L010,2025-07-02 00:00:00,Telangana,highway,4,106,False,high,0.006,17.45294,78.461091,monsoon,2,0,Night,Rain,False,1901.0,74.7,False,,,,,,,,,False,,,,1901
L010,2025-07-02 01:00:00,Telangana,highway,4,106,False,high,0.006,17.45294,78.461091,monsoon,2,1,Night,Rain,False,2370.0,74.0,False,,,,,,,,,False,,,,2370
L010,2025-07-02 02:00:00,Telangana,highway,4,106,False,high,0.006,17.45294,78.461091,monsoon,2,2,Night,Thunderstorm,False,2183.0,80.2,False,,,,,,,,,False,,,,2183
L010,2025-07-02 03:00:00,Telangana,highway,4,106,False,high,0.006,17.45294,78.461091,monsoon,2,3,Night,Clear,False,2488.0,69.1,False,,,,,,,,,False,,,,2488
L010,2025-07-02 04:00:00,Telangana,highway,4,106,False,high,0.006,17.45294,78.461091,monsoon,2,4,Night,Clear,False,1083.0,86.8,False,,,,,,,,,False,,,,1083
L010,2025-07-02 05:00:00,Telangana,highway,4,106,False,high,0.006,17.45294,78.461091,monsoon,2,5,Dusk/Dawn,Clear,False,1389.0,72.0,False,,,,,,,,,False,,,,1389
L010,2025-07-02 06:00:00,Telangana,highway,4,106,False,high,0.006,17.45294,78.461091,monsoon,2,6,Day,Rain,True,1531.0,68.3,True,,,,,,,,,False,,,,1531
L010,2025-07-02 07:00:00,Telangana,highway,4,106,False,high,0.006,17.45294,78.461091,monsoon,2,7,Day,Rain,True,3379.0,59.4,True,,,,,,,,,False,,,,3379
L010,2025-07-02 08:00:00,Telangana,highway,4,106,False,high,0.006,17.45294,78.461091,monsoon,2,8,Day,Clear,True,3845.0,53.5,True,,,,,,,,,False,,,,3845
L010,2025-07-02 09:00:00,Telangana,highway,4,106,False,high,0.006,17.45294,78.461091,monsoon,2,9,Day,Rain,True,2411.0,67.3,True,,,,,,,,,False,,,,2411
L010,2025-07-02 10:00:00,Telangana,highway,4,106,False,high,0.006,17.45294,78.461091,monsoon,2,10,Day,Rain,False,2357.0,56.0,False,,,,,,,,,False,,,,2357
L010,2025-07-02 11:00:00,Telangana,highway,4,106,False,high,0.006,17.45294,78.461091,monsoon,2,11,Day,Rain,False,2036.0,52.9,False,,,,,,,,,False,,,,2036
L010,2025-07-02 12:00:00,Telangana,highway,4,106,False,high,0.006,17.45294,78.461091,monsoon,2,12,Day,Thunderstorm,False,714.0,84.9,False,,,,,,,,,False,,,,714
L010,2025-07-02 13:00:00,Telangana,highway,4,106,False,high,0.006,17.45294,78.461091,monsoon,2,13,Day,Clear,False,1161.0,77.5,False,,,,,,,,,False,,,,1161
L010,2025-07-02 14:00:00,Telangana,highway,4,106,False,high,0.006,17.45294,78.461091,monsoon,2,14,Day,Rain,False,1662.0,76.2,False,,,,,,,,,False,,,,1662
L010,2025-07-02 15:00:00,Telangana,highway,4,106,False,high,0.006,17.45294,78.461091,monsoon,2,15,Day,Rain,False,922.0,72.0,False,,,,,,,,,False,,,,922
L010,2025-07-02 16:00:00,Telangana,highway,4,106,False,high,0.006,17.45294,78.461091,monsoon,2,16,Day,Rain,False,874.0,75.8,False,,,,,,,,,False,,,,874
L010,2025-07-02 17:00:00,Telangana,highway,4,106,False,high,0.006,17.45294,78.461091,monsoon,2,17,Day,Rain,False,2018.0,,False,,,,,,,,,False,,,,2018
L010,2025-07-02 18:00:00,Telangana,highway,4,106,False,high,0.006,17.45294,78.461091,monsoon,2,18,Day,Rain,True,3601.0,57.7,True,,,,,,,,,False,,,,3601
L010,2025-07-02 19:00:00,Telangana,highway,4,106,False,high,0.006,17.45294,78.461091,monsoon,2,19,Dusk/Dawn,Rain,True,1261.0,61.2,True,,,,,,,,,False,,,,1261
L010,2025-07-02 20:00:00,Telangana,highway,4,106,False,high,0.006,17.45294,78.461091,monsoon,2,20,Night,Clear,True,2066.0,75.2,True,,,,,,,,,False,,,,2066
L010,2025-07-02 21:00:00,Telangana,highway,4,106,False,high,0.006,17.45294,78.461091,monsoon,2,21,Night,Rain,True,4447.0,52.9,True,,,,,,,,,False,,,,4447
L010,2025-07-02 22:00:00,Telangana,highway,4,106,False,high,0.006,17.45294,78.461091,monsoon,2,22,Night,Thunderstorm,True,2676.0,72.0,True,,,,,,,,,False,,,,2676
L010,2025-07-02 23:00:00,Telangana,highway,4,106,False,high,0.006,17.45294,78.461091,monsoon,2,23,Night,Thunderstorm,False,1949.0,76.5,False,,,,,,,,,False,,,,1949
L010,2025-07-03 00:00:00,Telangana,highway,4,106,False,high,0.006,17.45294,78.461091,monsoon,3,0,Night,Clear,False,3366.0,65.1,False,,,,,,,,,False,,,,3366
L010,2025-07-03 01:00:00,Telangana,highway,4,106,False,high,0.006,17.45294,78.461091,monsoon,3,1,Night,Clear,False,1943.0,88.5,False,,,,,,,,,False,,,,1943
L010,2025-07-03 02:00:00,Telangana,highway,4,106,False,high,0.006,17.45294,78.461091,monsoon,3,2,Night,Clear,False,1772.0,73.7,False,,,,,,,,,False,,,,1772
L010,2025-07-03 03:00:00,Telangana,highway,4,106,False,high,0.006,17.45294,78.461091,monsoon,3,3,Night,Rain,False,3273.0,67.7,False,,,,,,,,,False,,,,3273
L010,2025-07-03 04:00:00,Telangana,highway,4,106,False,high,0.006,17.45294,78.461091,monsoon,3,4,Night,Rain,False,2712.0,66.6,False,,,,,,,,,False,,,,2712
L010,2025-07-03 05:00:00,Telangana,highway,4,106,False,high,0.006,17.45294,78.461091,monsoon,3,5,Dusk/Dawn,Clear,False,2325.0,66.5,False,,,,,,,,,False,,,,2325
L010,2025-07-03 06:00:00,Telangana,highway,4,106,False,high,0.006,17.45294,78.461091,monsoon,3,6,Day,Rain,True,2140.0,60.0,True,,,,,,,,,False,,,,2140
L010,2025-07-03 07:00:00,Telangana,highway,4,106,False,high,0.006,17.45294,78.461091,monsoon,3,7,Day,Rain,True,4046.0,65.7,True,,,,,,,,,False,,,,4046
L010,2025-07-03 08:00:00,Telangana,highway,4,106,False,high,0.006,17.45294,78.461091,monsoon,3,8,Day,Rain,True,4596.0,50.0,True,,,,,,,,,False,,,,4596
L010,2025-07-03 09:00:00,Telangana,highway,4,106,False,high,0.006,17.45294,78.461091,monsoon,3,9,Day,Rain,True,1249.0,61.8,True,,,,,,,,,False,,,,1249
L010,2025-07-03 10:00:00,Telangana,highway,4,106,False,high,0.006,17.45294,78.461091,monsoon,3,10,Day,Rain,False,2946.0,61.2,False,,,,,,,,,False,,,,2946
L010,2025-07-03 11:00:00,Telangana,highway,4,106,False,high,0.006,17.45294,78.461091,monsoon,3,11,Day,Rain,False,2682.0,49.0,False,,,,,,,,,False,,,,2682
L010,2025-07-03 12:00:00,Telangana,highway,4,106,False,high,0.006,17.45294,78.461091,monsoon,3,12,Day,Clear,False,3229.0,71.2,False,,,,,,,,,False,,,,3229
L010,2025-07-03 13:00:00,Telangana,highway,4,106,False,high,0.006,17.45294,78.461091,monsoon,3,13,Day,Rain,False,971.0,,False,,,,,,,,,False,,,,971
L010,2025-07-03 14:00:00,Telangana,highway,4,106,False,high,0.006,17.45294,78.461091,monsoon,3,14,Day,Rain,False,3364.0,59.7,False,,,,,,,,,False,,,,3364
L010,2025-07-03 15:00:00,Telangana,highway,4,106,False,high,0.006,17.45294,78.461091,monsoon,3,15,Day,Rain,False,1009.0,73.5,False,,,,,,,,,False,,,,1009
L010,2025-07-03 16:00:00,Telangana,highway,4,106,False,high,0.006,17.45294,78.461091,monsoon,3,16,Day,Rain,False,854.0,75.8,False,,,,,,,,,False,,,,854
L010,2025-07-03 17:00:00,Telangana,highway,4,106,False,high,0.006,17.45294,78.461091,monsoon,3,17,Day,Rain,False,2545.0,55.3,False,,,,,,,,,False,,,,2545
L010,2025-07-03 18:00:00,Telangana,highway,4,106,False,high,0.006,17.45294,78.461091,monsoon,3,18,Day,Clear,True,2053.0,67.9,True,,,,,,,,,False,,,,2053
L010,2025-07-03 19:00:00,Telangana,highway,4,106,False,high,0.006,17.45294,78.461091,monsoon,3,19,Dusk/Dawn,Rain,True,4174.0,47.5,True,,,,,,,,,False,,,,4174
L010,2025-07-03 20:00:00,Telangana,highway,4,106,False,high,0.006,17.45294,78.461091,monsoon,3,20,Night,Clear,True,4703.0,68.7,True,,,,,,,,,False,,,,4703
L010,2025-07-03 21:00:00,Telangana,highway,4,106,False,high,0.006,17.45294,78.461091,monsoon,3,21,Night,Clear,True,4765.0,62.3,True,,,,,,,,,False,,,,4765
L010,2025-07-03 22:00:00,Telangana,highway,4,106,False,high,0.006,17.45294,78.461091,monsoon,3,22,Night,Rain,True,1825.0,68.0,True,,,,,,,,,False,,,,1825
L010,2025-07-03 23:00:00,Telangana,highway,4,106,False,high,0.006,17.45294,78.461091,monsoon,3,23,Night,Thunderstorm,False,1511.0,82.7,False,,,,,,,,,False,,,,1511
L010,2025-07-04 00:00:00,Telangana,highway,4,106,False,high,0.006,17.45294,78.461091,monsoon,4,0,Night,Clear,False,3434.0,68.5,False,,,,,,,,,False,,,,3434
L010,2025-07-04 01:00:00,Telangana,highway,4,106,False,high,0.006,17.45294,78.461091,monsoon,4,1,Night,Rain,False,1877.0,80.9,False,,,,,,,,,False,,,,1877
L010,2025-07-04 02:00:00,Telangana,highway,4,106,False,high,0.006,17.45294,78.461091,monsoon,4,2,Night,Rain,False,447.0,86.7,False,,,,,,,,,False,,,,447
L010,2025-07-04 03:00:00,Telangana,highway,4,106,False,high,0.006,17.45294,78.461091,monsoon,4,3,Night,Clear,False,2730.0,72.8,False,,,,,,,,,False,,,,2730
L010,2025-07-04 04:00:00,Telangana,highway,4,106,False,high,0.006,17.45294,78.461091,monsoon,4,4,Night,Rain,False,2634.0,68.7,False,,,,,,,,,False,,,,2634
L010,2025-07-04 05:00:00,Telangana,highway,4,106,False,high,0.006,17.45294,78.461091,monsoon,4,5,Dusk/Dawn,Rain,False,732.0,71.5,False,,,,,,,,,False,,,,732
L010,2025-07-04 06:00:00,Telangana,highway,4,106,False,high,0.006,17.45294,78.461091,monsoon,4,6,Day,Rain,True,2528.0,54.2,True,,,,,,,,,False,,,,2528
L010,2025-07-04 07:00:00,Telangana,highway,4,106,False,high,0.006,17.45294,78.461091,monsoon,4,7,Day,Clear,True,2603.0,68.2,True,,,,,,,,,False,,,,2603
L010,2025-07-04 08:00:00,Telangana,highway,4,106,False,high,0.006,17.45294,78.461091,monsoon,4,8,Day,Rain,True,5131.0,54.6,True,,,,,,,,,False,,,,5131
L010,2025-07-04 09:00:00,Telangana,highway,4,106,False,high,0.006,17.45294,78.461091,monsoon,4,9,Day,Rain,True,2592.0,60.3,True,,,,,,,,,False,,,,2592
L010,2025-07-04 10:00:00,Telangana,highway,4,106,False,high,0.006,17.45294,78.461091,monsoon,4,10,Day,Rain,False,1543.0,66.1,False,,,,,,,,,False,,,,1543
L010,2025-07-04 11:00:00,Telangana,highway,4,106,False,high,0.006,17.45294,78.461091,monsoon,4,11,Day,Clear,False,2582.0,70.4,False,,,,,,,,,False,,,,2582
L010,2025-07-04 12:00:00,Telangana,highway,4,106,False,high,0.006,17.45294,78.461091,monsoon,4,12,Day,Rain,False,1198.0,67.9,False,,,,,,,,,True,Minor,6.0,Weather-related,1198
L010,2025-07-04 13:00:00,Telangana,highway,4,106,False,high,0.006,17.45294,78.461091,monsoon,4,13,Day,Clear,False,1978.0,66.8,False,,,,,,,,,False,,,,1978