location_id,timestamp,state,road_type,lane_count,speed_limit_kmph,has_signal,enforcement_level,blackspot_score,latitude,longitude,season,day_of_week,hour_of_day,lighting,weather,is_peak,vehicle_count_per_hr,avg_speed_kmph,peak,traffic_data_quality_flag,signal_status,green_duration_s,red_duration_s,yellow_duration_s,cycle_time_s,violations_count,signal_data_quality_flag,accident_occurred,severity,vehicles_involved,cause,veh_count_at_accident
L012,2025-07-01 18:00:00,Telangana,urban,2,41,False,low,0.267,17.595419,78.275722,monsoon,1,18,Day,Clear,True,1121.0,5.0,True,,,,,,,,,False,,,,1121
L012,2025-07-01 19:00:00,Telangana,urban,2,41,False,low,0.267,17.595419,78.275722,monsoon,1,19,Dusk/Dawn,Thunderstorm,True,696.0,6.6,True,,,,,,,,,False,,,,696
L012,2025-07-01 20:00:00,Telangana,urban,2,41,False,low,0.267,17.595419,78.275722,monsoon,1,20,Night,Rain,True,1032.0,200.0,True,speed_glitch,,,,,,,,False,,,,1032
L012,2025-07-01 21:00:00,Telangana,urban,2,41,False,low,0.267,17.595419,78.275722,monsoon,1,21,Night,Rain,True,1901.0,5.0,True,,,,,,,,,False,,,,1901
L012,2025-07-01 22:00:00,Telangana,urban,2,41,False,low,0.267,17.595419,78.275722,monsoon,1,22,Night,Clear,False,397.0,26.7,False,,,,,,,,,False,,,,397
L012,2025-07-01 23:00:00,Telangana,urban,2,41,False,low,0.267,17.595419,78.275722,monsoon,1,23,Night,Rain,False,1067.0,5.0,False,,,,,,,,,False,,,,1067
L012,2025-07-02 00:00:00,Telangana,urban,2,41,False,low,0.267,17.595419,78.275722,monsoon,2,0,Night,Rain,False,484.0,13.4,False,,,,,,,,,False,,,,484
L012,2025-07-02 01:00:00,Telangana,urban,2,41,False,low,0.267,17.595419,78.275722,monsoon,2,1,Night,Rain,False,390.0,10.2,False,,,,,,,,,False,,,,390
L012,2025-07-02 02:00:00,Telangana,urban,2,41,False,low,0.267,17.595419,78.275722,monsoon,2,2,Night,Rain,False,456.0,6.2,False,,,,,,,,,False,,,,456
L012,2025-07-02 03:00:00,Telangana,urban,2,41,False,low,0.267,17.595419,78.275722,monsoon,2,3,Night,Rain,False,172.0,20.0,False,,,,,,,,,False,,,,172
L012,2025-07-02 04:00:00,Telangana,urban,2,41,False,low,0.267,17.595419,78.275722,monsoon,2,4,Night,Thunderstorm,False,635.0,10.7,False,,,,,,,,,False,,,,635
L012,2025-07-02 05:00:00,Telangana,urban,2,41,False,low,0.267,17.595419,78.275722,monsoon,2,5,Dusk/Dawn,Clear,False,300.0,22.5,False,,,,,,,,,False,,,,300
L012,2025-07-02 06:00:00,Telangana,urban,2,41,False,low,0.267,17.595419,78.275722,monsoon,2,6,Day,Rain,False,924.0,5.0,False,,,,,,,,,False,,,,924
L012,2025-07-02 07:00:00,Telangana,urban,2,41,False,low,0.267,17.595419,78.275722,monsoon,2,7,Day,Clear,False,788.0,8.8,False,,,,,,,,,False,,,,788
L012,2025-07-02 08:00:00,Telangana,urban,2,41,False,low,0.267,17.595419,78.275722,monsoon,2,8,Day,Rain,True,1104.0,5.0,True,,,,,,,,,False,,,,1104
L012,2025-07-02 09:00:00,Telangana,urban,2,41,False,low,0.267,17.595419,78.275722,monsoon,2,9,Day,Thunderstorm,True,906.0,9.3,True,,,,,,,,,False,,,,906
L012,2025-07-02 10:00:00,Telangana,urban,2,41,False,low,0.267,17.595419,78.275722,monsoon,2,10,Day,Clear,True,1503.0,5.0,True,,,,,,,,,False,,,,1503
L012,2025-07-02 11:00:00,Telangana,urban,2,41,False,low,0.267,17.595419,78.275722,monsoon,2,11,Day,Rain,True,651.0,5.0,True,,,,,,,,,False,,,,651
L012,2025-07-02 12:00:00,Telangana,urban,2,41,False,low,0.267,17.595419,78.275722,monsoon,2,12,Day,Clear,False,891.0,10.6,False,,,,,,,,,False,,,,891
L012,2025-07-02 13:00:00,Telangana,urban,2,41,False,low,0.267,17.595419,78.275722,monsoon,2,13,Day,Thunderstorm,False,208.0,24.7,False,,,,,,,,,False,,,,208
L012,2025-07-02 14:00:00,Telangana,urban,2,41,False,low,0.267,17.595419,78.275722,monsoon,2,14,Day,Rain,False,555.0,13.1,False,,,,,,,,,False,,,,555
L012,2025-07-02 15:00:00,Telangana,urban,2,41,False,low,0.267,17.595419,78.275722,monsoon,2,15,Day,Rain,False,219.0,19.3,False,,,,,,,,,False,,,,219
L012,2025-07-02 16:00:00,Telangana,urban,2,41,False,low,0.267,17.595419,78.275722,monsoon,2,16,Day,Clear,False,775.0,13.6,False,,,,,,,,,False,,,,775
L012,2025-07-02 17:00:00,Telangana,urban,2,41,False,low,0.267,17.595419,78.275722,monsoon,2,17,Day,Thunderstorm,True,874.0,5.5,True,,,,,,,,,False,,,,874
L012,2025-07-02 18:00:00,Telangana,urban,2,41,False,low,0.267,17.595419,78.275722,monsoon,2,18,Day,Rain,True,1283.0,5.0,True,,,,,,,,,True,Minor,2.0,Weather-related,1283
L012,2025-07-02 19:00:00,Telangana,urban,2,41,False,low,0.267,17.595419,78.275722,monsoon,2,19,Dusk/Dawn,Clear,True,648.0,5.0,True,,,,,,,,,False,,,,648
L012,2025-07-02 20:00:00,Telangana,urban,2,41,False,low,0.267,17.595419,78.275722,monsoon,2,20,Night,Rain,True,1454.0,5.0,True,,,,,,,,,False,,,,1454
L012,2025-07-02 21:00:00,Telangana,urban,2,41,False,low,0.267,17.595419,78.275722,monsoon,2,21,Night,Clear,True,1489.0,5.0,True,,,,,,,,,False,,,,1489
L012,2025-07-02 22:00:00,Telangana,urban,2,41,False,low,0.267,17.595419,78.275722,monsoon,2,22,Night,Rain,False,524.0,5.0,False,,,,,,,,,False,,,,524
L012,2025-07-02 23:00:00,Telangana,urban,2,41,False,low,0.267,17.595419,78.275722,monsoon,2,23,Night,Clear,False,377.0,12.7,False,,,,,,,,,False,,,,377
L012,2025-07-03 00:00:00,Telangana,urban,2,41,False,low,0.267,17.595419,78.275722,monsoon,3,0,Night,Rain,False,452.0,5.0,False,,,,,,,,,False,,,,452
L012,2025-07-03 01:00:00,Telangana,urban,2,41,False,low,0.267,17.595419,78.275722,monsoon,3,1,Night,Rain,False,576.0,5.0,False,,,,,,,,,False,,,,576
L012,2025-07-03 02:00:00,Telangana,urban,2,41,False,low,0.267,17.595419,78.275722,monsoon,3,2,Night,Clear,False,677.0,9.5,False,,,,,,,,,False,,,,677
L012,2025-07-03 03:00:00,Telangana,urban,2,41,False,low,0.267,17.595419,78.275722,monsoon,3,3,Night,Clear,False,297.0,17.3,False,,,,,,,,,False,,,,297
L012,2025-07-03 04:00:00,Telangana,urban,2,41,False,low,0.267,17.595419,78.275722,monsoon,3,4,Night,Clear,False,314.0,24.6,False,,,,,,,,,False,,,,314
L012,2025-07-03 05:00:00,Telangana,urban,2,41,False,low,0.267,17.595419,78.275722,monsoon,3,5,Dusk/Dawn,Rain,False,487.0,11.7,False,,,,,,,,,False,,,,487
L012,2025-07-03 06:00:00,Telangana,urban,2,41,False,low,0.267,17.595419,78.275722,monsoon,3,6,Day,Clear,False,821.0,5.0,False,,,,,,,,,False,,,,821
L012,2025-07-03 07:00:00,Telangana,urban,2,41,False,low,0.267,17.595419,78.275722,monsoon,3,7,Day,Rain,False,847.0,5.0,False,,,,,,,,,False,,,,847
L012,2025-07-03 08:00:00,Telangana,urban,2,41,False,low,0.267,17.595419,78.275722,monsoon,3,8,Day,Clear,True,817.0,10.0,True,,,,,,,,,False,,,,817
L012,2025-07-03 09:00:00,Telangana,urban,2,41,False,low,0.267,17.595419,78.275722,monsoon,3,9,Day,Clear,True,1121.0,5.0,True,,,,,,,,,False,,,,1121
L012,2025-07-03 10:00:00,Telangana,urban,2,41,False,low,0.267,17.595419,78.275722,monsoon,3,10,Day,Rain,True,772.0,5.0,True,,,,,,,,,False,,,,772
L012,2025-07-03 11:00:00,Telangana,urban,2,41,False,low,0.267,17.595419,78.275722,monsoon,3,11,Day,Clear,True,1751.0,10.2,True,,,,,,,,,False,,,,1751
L012,2025-07-03 12:00:00,Telangana,urban,2,41,False,low,0.267,17.595419,78.275722,monsoon,3,12,Day,Thunderstorm,False,273.0,29.6,False,,,,,,,,,False,,,,273
L012,2025-07-03 13:00:00,Telangana,urban,2,41,False,low,0.267,17.595419,78.275722,monsoon,3,13,Day,Rain,False,672.0,5.0,False,,,,,,,,,False,,,,672
L012,2025-07-03 14:00:00,Telangana,urban,2,41,False,low,0.267,17.595419,78.275722,monsoon,3,14,Day,Rain,False,275.0,14.7,False,,,,,,,,,False,,,,275
L012,2025-07-03 15:00:00,Telangana,urban,2,41,False,low,0.267,17.595419,78.275722,monsoon,3,15,Day,Rain,False,1044.0,5.0,False,,,,,,,,,False,,,,1044
L012,2025-07-03 16:00:00,Telangana,urban,2,41,False,low,0.267,17.595419,78.275722,monsoon,3,16,Day,Rain,False,211.0,13.5,False,,,,,,,,,False,,,,211
L012,2025-07-03 17:00:00,Telangana,urban,2,41,False,low,0.267,17.595419,78.275722,monsoon,3,17,Day,Clear,True,607.0,7.2,True,,,,,,,,,False,,,,607
L012,2025-07-03 18:00:00,Telangana,urban,2,41,False,low,0.267,17.595419,78.275722,monsoon,3,18,Day,Clear,True,819.0,7.4,True,,,,,,,,,False,,,,819
L012,2025-07-03 19:00:00,Telangana,urban,2,41,False,low,0.267,17.595419,78.275722,monsoon,3,19,Dusk/Dawn,Clear,True,750.0,7.3,True,,,,,,,,,False,,,,750
L012,2025-07-03 20:00:00,Telangana,urban,2,41,False,low,0.267,17.595419,78.275722,monsoon,3,20,Night,Rain,True,663.0,5.0,True,,,,,,,,,True,Minor,7.0,Weather-related,663
L012,2025-07-03 21:00:00,Telangana,urban,2,41,False,low,0.267,17.595419,78.275722,monsoon,3,21,Night,Clear,True,693.0,10.2,True,,,,,,,,,False,,,,693
L012,2025-07-03 22:00:00,Telangana,urban,2,41,False,low,0.267,17.595419,78.275722,monsoon,3,22,Night,Rain,False,295.0,12.4,False,,,,,,,,,False,,,,295
L012,2025-07-03 23:00:00,Telangana,urban,2,41,False,low,0.267,17.595419,78.275722,monsoon,3,23,Night,Thunderstorm,False,432.0,12.4,False,,,,,,,,,False,,,,432
L012,2025-07-04 00:00:00,Telangana,urban,2,41,False,low,0.267,17.595419,78.275722,monsoon,4,0,Night,Rain,False,514.0,5.6,False,,,,,,,,,False,,,,514
L012,2025-07-04 01:00:00,Telangana,urban,2,41,False,low,0.267,17.595419,78.275722,monsoon,4,1,Night,Rain,False,514.0,5.0,False,,,,,,,,,False,,,,514
L012,2025-07-04 02:00:00,Telangana,urban,2,41,False,low,0.267,17.595419,78.275722,monsoon,4,2,Night,Clear,False,275.0,20.3,False,,,,,,,,,False,,,,275
L012,2025-07-04 03:00:00,Telangana,urban,2,41,False,low,0.267,17.595419,78.275722,monsoon,4,3,Night,Rain,False,666.0,5.0,False,,,,,,,,,False,,,,666
L012,2025-07-04 04:00:00,Telangana,urban,2,41,False,low,0.267,17.595419,78.275722,monsoon,4,4,Night,Rain,False,182.0,21.4,False,,,,,,,,,False,,,,182
L012,2025-07-04 05:00:00,Telangana,urban,2,41,False,low,0.267,17.595419,78.275722,monsoon,4,5,Dusk/Dawn,Clear,False,403.0,22.5,False,,,,,,,,,False,,,,403
L012,2025-07-04 06:00:00,Telangana,urban,2,41,False,low,0.267,17.595419,78.275722,monsoon,4,6,Day,Clear,False,606.0,16.0,False,,,,,,,,,False,,,,606
L012,2025-07-04 07:00:00,Telangana,urban,2,41,False,low,0.267,17.595419,78.275722,monsoon,4,7,Day,Thunderstorm,False,306.0,,False,,,,,,,,,False,,,,306
L012,2025-07-04 08:00:00,Telangana,urban,2,41,False,low,0.267,17.595419,78.275722,monsoon,4,8,Day,Rain,True,1626.0,5.0,True,,,,,,,,,False,,,,1626
L012,2025-07-04 09:00:00,Telangana,urban,2,41,False,low,0.267,17.595419,78.275722,monsoon,4,9,Day,Rain,True,1676.0,5.0,True,,,,,,,,,True,Minor,4.0,Weather-related,1676
L012,2025-07-04 10:00:00,Telangana,urban,2,41,False,low,0.267,17.595419,78.275722,monsoon,4,10,Day,Rain,True,1148.0,5.0,True,,,,,,,,,False,,,,1148
L012,2025-07-04 11:00:00,Telangana,urban,2,41,False,low,0.267,17.595419,78.275722,monsoon,4,11,Day,Rain,True,664.0,5.0,True,,,,,,,,,False,,,,664
L012,2025-07-04 12:00:00,Telangana,urban,2,41,False,low,0.267,17.595419,78.275722,monsoon,4,12,Day,Rain,False,292.0,13.3,False,,,,,,,,,False,,,,292
L012,2025-07-04 13:00:00,Telangana,urban,2,41,False,low,0.267,17.595419,78.275722,monsoon,4,13,,Rain,False,342.0,20.2,False,,,,,,,,,False,,,,342
L012,2025-07-04 14:00:00,Telangana,urban,2,41,False,low,0.267,17.595419,78.275722,monsoon,4,14,Day,Clear,False,309.0,17.0,False,,,,,,,,,False,,,,309
L012,2025-07-04 15:00:00,Telangana,urban,2,41,False,low,0.267,17.595419,78.275722,monsoon,4,15,Day,Rain,False,272.0,20.2,False,,,,,,,,,False,,,,272
L012,2025-07-04 16:00:00,Telangana,urban,2,41,False,low,0.267,17.595419,78.275722,monsoon,4,16,Day,Rain,False,595.0,8.6,False,,,,,,,,,False,,,,595
L012,2025-07-04 17:00:00,Telangana,urban,2,41,False,low,0.267,17.595419,78.275722,monsoon,4,17,Day,Rain,True,1003.0,5.0,True,,,,,,,,,False,,,,1003
L012,2025-07-04 18:00:00,Telangana,urban,2,41,False,low,0.267,17.595419,78.275722,monsoon,4,18,Day,Rain,True,453.0,14.3,True,,,,,,,,,False,,,,453
L012,2025-07-04 19:00:00,Telangana,urban,2,41,False,low,0.267,17.595419,78.275722,monsoon,4,19,Dusk/Dawn,Rain,True,866.0,5.0,True,,,,,,,,,False,,,,866
L012,2025-07-04 20:00:00,Telangana,urban,2,41,False,low,0.267,17.595419,78.275722,monsoon,4,20,Night,Rain,True,521.0,5.0,True,,,,,,,,,False,,,,521
L012,2025-07-04 21:00:00,Telangana,urban,2,41,False,low,0.267,17.595419,78.275722,monsoon,4,21,Night,Rain,True,911.0,5.0,True,,,,,,,,,False,,,,911
L012,2025-07-04 22:00:00,Telangana,urban,2,41,False,low,0.267,17.595419,78.275722,monsoon,4,22,Night,Rain,False,380.0,15.3,False,,,,,,,,,False,,,,380
L012,2025-07-04 23:00:00,Telangana,urban,2,41,False,low,0.267,17.595419,78.275722,monsoon,4,23,Night,Rain,False,807.0,5.0,False,,,,,,,,,False,,,,807
L012,2025-07-05 00:00:00,Telangana,urban,2,41,False,low,0.267,17.595419,78.275722,monsoon,5,0,Night,Clear,False,811.0,5.2,False,,,,,,,,,False,,,,811
L012,2025-07-05 01:00:00,Telangana,urban,2,41,False,low,0.267,17.595419,78.275722,monsoon,5,1,Night,Rain,False,421.0,5.0,False,,,,,,,,,True,Minor,2.0,Weather-related,421
L012,2025-07-05 02:00:00,Telangana,urban,2,41,False,low,0.267,17.595419,78.275722,monsoon,5,2,Night,Clear,False,520.0,11.4,False,,,,,,,,,False,,,,520
L012,2025-07-05 03:00:00,Telangana,urban,2,41,False,low,0.267,17.595419,78.275722,monsoon,5,3,Night,Rain,False,276.0,15.8,False,,,,,,,,,False,,,,276
L012,2025-07-05 04:00:00,Telangana,urban,2,41,False,low,0.267,17.595419,78.275722,monsoon,5,4,Night,Rain,False,614.0,12.1,False,,,,,,,,,False,,,,614
L012,2025-07-05 05:00:00,Telangana,urban,2,41,False,low,0.267,17.595419,78.275722,monsoon,5,5,Dusk/Dawn,Rain,False,671.0,5.0,False,,,,,,,,,False,,,,671
L012,2025-07-05 06:00:00,Telangana,urban,2,41,False,low,0.267,17.595419,78.275722,monsoon,5,6,Day,Thunderstorm,False,419.0,8.4,False,,,,,,,,,False,,,,419
L012,2025-07-05 07:00:00,Telangana,urban,2,41,False,low,0.267,17.595419,78.275722,monsoon,5,7,Day,Rain,False,295.0,10.0,False,,,,,,,,,False,,,,295
L012,2025-07-05 08:00:00,Telangana,urban,2,41,False,low,0.267,17.595419,78.275722,monsoon,5,8,Day,Rain,True,777.0,5.0,True,,,,,,,,,False,,,,777
L012,2025-07-05 09:00:00,Telangana,urban,2,41,False,low,0.267,17.595419,78.275722,monsoon,5,9,Day,Clear,True,1164.0,5.0,True,,,,,,,,,False,,,,1164
L012,2025-07-05 10:00:00,Telangana,urban,2,41,False,low,0.267,17.595419,78.275722,monsoon,5,10,Day,Rain,False,274.0,,False,,,,,,,,,False,,,,274
L012,2025-07-05 11:00:00,Telangana,urban,2,41,False,low,0.267,17.595419,78.275722,monsoon,5,11,Day,Clear,True,1529.0,9.6,True,,,,,,,,,False,,,,1529
L012,2025-07-05 12:00:00,Telangana,urban,2,41,False,low,0.267,17.595419,78.275722,monsoon,5,12,Day,Clear,False,256.0,22.8,False,,,,,,,,,False,,,,256
L012,2025-07-05 13:00:00,Telangana,urban,2,41,False,low,0.267,17.595419,78.275722,monsoon,5,13,Day,Clear,False,950.0,6.6,False,,,,,,,,,False,,,,950
L012,2025-07-05 14:00:00,Telangana,urban,2,41,False,low,0.267,17.595419,78.275722,monsoon,5,14,Day,Thunderstorm,False,339.0,15.1,False,,,,,,,,,False,,,,339
L012,2025-07-05 15:00:00,Telangana,urban,2,41,False,low,0.267,17.595419,78.275722,monsoon,5,15,Day,Clear,False,239.0,24.2,False,,,,,,,,,False,,,,239
L012,2025-07-05 16:00:00,Telangana,urban,2,41,False,low,0.267,17.595419,78.275722,monsoon,5,16,,Rain,False,489.0,5.9,False,,,,,,,,,False,,,,489
L012,2025-07-05 17:00:00,Telangana,urban,2,41,False,low,0.267,17.595419,78.275722,monsoon,5,17,Day,Rain,False,284.0,19.9,False,,,,,,,,,False,,,,284
L012,2025-07-05 18:00:00,Telangana,urban,2,41,False,low,0.267,17.595419,78.275722,monsoon,5,18,Day,Clear,False,808.0,7.8,False,,,,,,,,,False,,,,808
L012,2025-07-05 19:00:00,Telangana,urban,2,41,False,low,0.267,17.595419,78.275722,monsoon,5,19,Dusk/Dawn,Clear,True,1754.0,5.0,True,,,,,,,,,True,Major,7.0,Rear-end / Following too close,1754
L012,2025-07-05 20:00:00,Telangana,urban,2,41,False,low,0.267,17.595419,78.275722,monsoon,5,20,Night,Clear,False,387.0,20.0,False,,,,,,,,,False,,,,387
L012,2025-07-05 21:00:00,Telangana,urban,2,41,False,low,0.267,17.595419,78.275722,monsoon,5,21,Night,Clear,False,484.0,8.0,False,,,,,,,,,False,,,,484
L012,2025-07-05 22:00:00,Telangana,urban,2,41,False,low,0.267,17.595419,78.275722,monsoon,5,22,Night,Clear,False,315.0,22.0,False,,,,,,,,,True,Major,1.0,Overspeeding,315
L012,2025-07-05 23:00:00,Telangana,urban,2,41,False,low,0.267,17.595419,78.275722,monsoon,5,23,Night,Rain,False,579.0,5.0,False,,,,,,,,,False,,,,579
L012,2025-07-06 00:00:00,Telangana,urban,2,41,False,low,0.267,17.595419,78.275722,monsoon,6,0,Night,Rain,False,219.0,12.5,False,,,,,,,,,False,,,,219
L012,2025-07-06 01:00:00,Telangana,urban,2,41,False,low,0.267,17.595419,78.275722,monsoon,6,1,Night,Rain,False,605.0,5.0,False,,,,,,,,,False,,,,605
L012,2025-07-06 02:00:00,Telangana,urban,2,41,False,low,0.267,17.595419,78.275722,monsoon,6,2,Night,Clear,False,459.0,7.2,False,,,,,,,,,False,,,,459
L012,2025-07-06 03:00:00,Telangana,urban,2,41,False,low,0.267,17.595419,78.275722,monsoon,6,3,Night,Thunderstorm,False,225.0,17.2,False,,,,,,,,,False,,,,225
L012,2025-07-06 04:00:00,Telangana,urban,2,41,False,low,0.267,17.595419,78.275722,monsoon,6,4,Night,Rain,False,558.0,5.0,False,,,,,,,,,False,,,,558
L012,2025-07-06 05:00:00,Telangana,urban,2,41,False,low,0.267,17.595419,78.275722,monsoon,6,5,Dusk/Dawn,Clear,False,682.0,13.1,False,,,,,,,,,False,,,,682
L012,2025-07-06 06:00:00,Telangana,urban,2,41,False,low,0.267,17.595419,78.275722,monsoon,6,6,Day,Rain,False,354.0,10.1,False,,,,,,,,,False,,,,354
L012,2025-07-06 07:00:00,Telangana,urban,2,41,False,low,0.267,17.595419,78.275722,monsoon,6,7,Day,Clear,False,1043.0,5.6,False,,,,,,,,,False,,,,1043
L012,2025-07-06 08:00:00,Telangana,urban,2,41,False,low,0.267,17.595419,78.275722,monsoon,6,8,Day,Rain,False,473.0,6.0,False,,,,,,,,,False,,,,473
L012,2025-07-06 09:00:00,Telangana,urban,2,41,False,low,0.267,17.595419,78.275722,monsoon,6,9,Day,Rain,True,696.0,5.3,True,,,,,,,,,False,,,,696
L012,2025-07-06 10:00:00,Telangana,urban,2,41,False,low,0.267,17.595419,78.275722,monsoon,6,10,Day,Thunderstorm,True,1256.0,5.0,True,,,,,,,,,False,,,,1256
L012,2025-07-06 11:00:00,Telangana,urban,2,41,False,low,0.267,17.595419,78.275722,monsoon,6,11,,Clear,False,671.0,15.7,False,,,,,,,,,False,,,,671
L012,2025-07-06 12:00:00,Telangana,urban,2,41,False,low,0.267,17.595419,78.275722,monsoon,6,12,Day,Rain,False,338.0,7.3,False,,,,,,,,,False,,,,338
L012,2025-07-06 13:00:00,Telangana,urban,2,41,False,low,0.267,17.595419,78.275722,monsoon,6,13,Day,Rain,False,379.0,19.2,False,,,,,,,,,False,,,,379
L012,2025-07-06 14:00:00,Telangana,urban,2,41,False,low,0.267,17.595419,78.275722,monsoon,6,14,Day,Rain,False,827.0,5.0,False,,,,,,,,,False,,,,827
L012,2025-07-06 15:00:00,Telangana,urban,2,41,False,low,0.267,17.595419,78.275722,monsoon,6,15,Day,Thunderstorm,False,454.0,12.4,False,,,,,,,,,False,,,,454
L012,2025-07-06 16:00:00,Telangana,urban,2,41,False,low,0.267,17.595419,78.275722,monsoon,6,16,Day,Rain,False,458.0,12.5,False,,,,,,,,,False,,,,458
L012,2025-07-06 17:00:00,Telangana,urban,2,41,False,low,0.267,17.595419,78.275722,monsoon,6,17,Day,Clear,True,951.0,5.0,True,,,,,,,,,False,,,,951
L012,2025-07-06 18:00:00,Telangana,urban,2,41,False,low,0.267,17.595419,78.275722,monsoon,6,18,Day,Thunderstorm,True,790.0,12.5,True,,,,,,,,,False,,,,790
L012,2025-07-06 19:00:00,Telangana,urban,2,41,False,low,0.267,17.595419,78.275722,monsoon,6,19,Dusk/Dawn,Clear,True,1387.0,5.0,True,,,,,,,,,False,,,,1387
L012,2025-07-06 20:00:00,Telangana,urban,2,41,False,low,0.267,17.595419,78.275722,monsoon,6,20,Night,Clear,True,1800.0,5.0,True,,,,,,,,,False,,,,1800
L012,2025-07-06 21:00:00,Telangana,urban,2,41,False,low,0.267,17.595419,78.275722,monsoon,6,21,Night,Clear,False,548.0,9.1,False,,,,,,,,,False,,,,548
L012,2025-07-06 22:00:00,Telangana,urban,2,41,False,low,0.267,17.595419,78.275722,monsoon,6,22,Night,Rain,False,309.0,5.0,False,,,,,,,,,False,,,,309
L012,2025-07-06 23:00:00,Telangana,urban,2,41,False,low,0.267,17.595419,78.275722,monsoon,6,23,Night,Rain,False,174.0,26.1,False,,,,,,,,,False,,,,174
L012,2025-07-07 00:00:00,Telangana,urban,2,41,False,low,0.267,17.595419,78.275722,monsoon,0,0,Night,Clear,False,388.0,15.2,False,,,,,,,,,False,,,,388
L012,2025-07-07 01:00:00,Telangana,urban,2,41,False,low,0.267,17.595419,78.275722,monsoon,0,1,Night,Rain,False,256.0,11.3,False,,,,,,,,,False,,,,256
L012,2025-07-07 02:00:00,Telangana,urban,2,41,False,low,0.267,17.595419,78.275722,monsoon,0,2,Night,Rain,False,382.0,6.1,False,,,,,,,,,False,,,,382
L012,2025-07-07 03:00:00,Telangana,urban,2,41,False,low,0.267,17.595419,78.275722,monsoon,0,3,Night,Rain,False,808.0,5.0,False,,,,,,,,,False,,,,808
L012,2025-07-07 04:00:00,Telangana,urban,2,41,False,low,0.267,17.595419,78.275722,monsoon,0,4,Night,Clear,False,387.0,15.5,False,,,,,,,,,False,,,,387
L012,2025-07-07 05:00:00,Telangana,urban,2,41,False,low,0.267,17.595419,78.275722,monsoon,0,5,Dusk/Dawn,Rain,False,543.0,5.0,False,,,,,,,,,False,,,,543
L012,2025-07-07 06:00:00,Telangana,urban,2,41,False,low,0.267,17.595419,78.275722,monsoon,0,6,Day,Rain,False,280.0,,False,,,,,,,,,False,,,,280
L012,2025-07-07 07:00:00,Telangana,urban,2,41,False,low,0.267,17.595419,78.275722,monsoon,0,7,Day,Clear,False,251.0,19.7,False,,,,,,,,,False,,,,251
L012,2025-07-07 08:00:00,Telangana,urban,2,41,False,low,0.267,17.595419,78.275722,monsoon,0,8,Day,Clear,True,1391.0,5.0,True,,,,,,,,,False,,,,1391
L012,2025-07-07 09:00:00,Telangana,urban,2,41,False,low,0.267,17.595419,78.275722,monsoon,0,9,Day,Rain,True,968.0,5.0,True,,,,,,,,,False,,,,968
L012,2025-07-07 10:00:00,Telangana,urban,2,41,False,low,0.267,17.595419,78.275722,monsoon,0,10,Day,Thunderstorm,True,1694.0,5.0,True,,,,,,,,,False,,,,1694
L012,2025-07-07 11:00:00,Telangana,urban,2,41,False,low,0.267,17.595419,78.275722,monsoon,0,11,Day,Rain,True,745.0,5.1,True,,,,,,,,,False,,,,745
L012,2025-07-07 12:00:00,Telangana,urban,2,41,False,low,0.267,17.595419,78.275722,monsoon,0,12,Day,Rain,False,308.0,13.7,False,,,,,,,,,False,,,,308
L012,2025-07-07 13:00:00,Telangana,urban,2,41,False,low,0.267,17.595419,78.275722,monsoon,0,13,Day,Rain,False,344.0,10.8,False,,,,,,,,,False,,,,344
L012,2025-07-07 14:00:00,Telangana,urban,2,41,False,low,0.267,17.595419,78.275722,monsoon,0,14,Day,Rain,False,160.0,28.8,False,,,,,,,,,False,,,,160
L012,2025-07-07 15:00:00,Telangana,urban,2,41,False,low,0.267,17.595419,78.275722,monsoon,0,15,Day,Clear,False,348.0,16.4,False,,,,,,,,,False,,,,348
L012,2025-07-07 16:00:00,Telangana,urban,2,41,False,low,0.267,17.595419,78.275722,monsoon,0,16,Day,Rain,False,324.0,11.2,False,,,,,,,,,False,,,,324
L012,2025-07-07 17:00:00,Telangana,urban,2,41,False,low,0.267,17.595419,78.275722,monsoon,0,17,Day,Thunderstorm,True,855.0,7.6,True,,,,,,,,,False,,,,855
L012,2025-07-07 18:00:00,Telangana,urban,2,41,False,low,0.267,17.595419,78.275722,monsoon,0,18,Day,Rain,True,1638.0,5.0,True,,,,,,,,,False,,,,1638
L012,2025-07-07 19:00:00,Telangana,urban,2,41,False,low,0.267,17.595419,78.275722,monsoon,0,19,Dusk/Dawn,Rain,True,394.0,8.4,True,,,,,,,,,False,,,,394
L012,2025-07-07 20:00:00,Telangana,urban,2,41,False,low,0.267,17.595419,78.275722,monsoon,0,20,Night,Rain,True,657.0,5.7,True,,,,,,,,,False,,,,657
L012,2025-07-07 21:00:00,Telangana,urban,2,41,False,low,0.267,17.595419,78.275722,monsoon,0,21,Night,Clear,True,1612.0,5.0,True,,,,,,,,,False,,,,1612
L012,2025-07-07 22:00:00,Telangana,urban,2,41,False,low,0.267,17.595419,78.275722,monsoon,0,22,Night,Thunderstorm,False,431.0,20.7,False,,,,,,,,,False,,,,431
L012,2025-07-07 23:00:00,Telangana,urban,2,41,False,low,0.267,17.595419,78.275722,monsoon,0,23,Night,Clear,False,498.0,18.7,False,,,,,,,,,False,,,,498